step,section_0_payload,section_1_payload,section_2_payload,section_1_reward,section_2_reward,section_0_reward
1,0.0,0.0,0.0,0.0,0.0,0.0
2,717.768,699.5585000000001,319.3224999999999,0.0,0.0,0.0
3,549.5567394300141,725.1249999999997,279.24737619047636,35.566499999999564,0.0,0.0
4,549.5567394300141,725.1249999999997,279.24737619047636,35.566499999999564,10.0,0.0
5,586.7125333333329,625.564,279.24737619047636,35.566499999999564,10.0,47.155793903318795
6,586.7125333333329,625.564,279.24737619047636,35.566499999999564,10.0,47.155793903318795
7,760.8624999999998,601.8509007936509,279.24737619047636,35.566499999999564,10.0,184.14996666666696
8,586.7125333333329,625.564,279.24737619047636,33.71309920634906,10.0,184.14996666666696
9,586.7125333333329,625.564,279.24737619047636,33.71309920634906,10.0,184.14996666666696
10,760.8624999999998,601.8509007936509,279.24737619047636,33.71309920634906,10.0,184.14996666666696
11,586.7125333333329,625.564,279.24737619047636,33.71309920634906,10.0,184.14996666666696
12,586.7125333333329,625.564,279.24737619047636,33.71309920634906,10.0,184.14996666666696
13,760.8624999999998,601.8509007936509,279.24737619047636,33.71309920634906,10.0,184.14996666666696
14,760.8624999999998,601.8509007936509,279.24737619047636,10.0,10.0,184.14996666666696
15,760.8624999999998,601.8509007936509,279.24737619047636,10.0,10.0,184.14996666666696
16,586.7125333333329,625.564,279.24737619047636,33.71309920634906,10.0,184.14996666666696
17,586.7125333333329,625.564,279.24737619047636,33.71309920634906,10.0,184.14996666666696
18,760.8624999999998,601.8509007936509,279.24737619047636,33.71309920634906,10.0,184.14996666666696
19,586.7125333333329,625.564,279.24737619047636,33.71309920634906,10.0,184.14996666666696
20,586.7125333333329,625.564,279.24737619047636,33.71309920634906,10.0,184.14996666666696
21,760.8624999999998,601.8509007936509,279.24737619047636,33.71309920634906,10.0,184.14996666666696
22,586.7125333333329,625.564,279.24737619047636,33.71309920634906,10.0,184.14996666666696
23,586.7125333333329,625.564,279.24737619047636,33.71309920634906,10.0,184.14996666666696
24,760.8624999999998,601.8509007936509,279.24737619047636,33.71309920634906,10.0,184.14996666666696
25,586.7125333333329,625.564,279.24737619047636,33.71309920634906,10.0,184.14996666666696
26,586.7125333333329,625.564,279.24737619047636,33.71309920634906,10.0,184.14996666666696
27,760.8624999999998,601.8509007936509,279.24737619047636,33.71309920634906,10.0,184.14996666666696
28,586.7125333333329,625.564,279.24737619047636,33.71309920634906,10.0,184.14996666666696
29,586.7125333333329,625.564,279.24737619047636,33.71309920634906,10.0,184.14996666666696
30,760.8624999999998,601.8509007936509,279.24737619047636,33.71309920634906,10.0,184.14996666666696
31,586.7125333333329,625.564,279.24737619047636,33.71309920634906,10.0,184.14996666666696
32,586.7125333333329,625.564,279.24737619047636,33.71309920634906,10.0,184.14996666666696
33,760.8624999999998,601.8509007936509,279.24737619047636,33.71309920634906,10.0,184.14996666666696
34,586.7125333333329,625.564,279.24737619047636,33.71309920634906,10.0,184.14996666666696
35,586.7125333333329,625.564,279.24737619047636,33.71309920634906,10.0,184.14996666666696
36,760.8624999999998,601.8509007936509,279.24737619047636,33.71309920634906,10.0,184.14996666666696
37,586.7125333333329,625.564,279.24737619047636,33.71309920634906,10.0,184.14996666666696
38,586.7125333333329,625.564,279.24737619047636,33.71309920634906,10.0,184.14996666666696
39,760.8624999999998,601.8509007936509,279.24737619047636,33.71309920634906,10.0,184.14996666666696
40,586.7125333333329,625.564,279.24737619047636,33.71309920634906,10.0,184.14996666666696
41,586.7125333333329,625.564,279.24737619047636,33.71309920634906,10.0,184.14996666666696
42,760.8624999999998,601.8509007936509,279.24737619047636,33.71309920634906,10.0,184.14996666666696
43,586.7125333333329,625.564,279.24737619047636,33.71309920634906,10.0,184.14996666666696
44,586.7125333333329,625.564,279.24737619047636,33.71309920634906,10.0,184.14996666666696
45,760.8624999999998,601.8509007936509,279.24737619047636,33.71309920634906,10.0,184.14996666666696
46,586.7125333333329,625.564,279.24737619047636,33.71309920634906,10.0,184.14996666666696
47,586.7125333333329,625.564,279.24737619047636,33.71309920634906,10.0,184.14996666666696
48,760.8624999999998,601.8509007936509,279.24737619047636,33.71309920634906,10.0,184.14996666666696
49,586.7125333333329,625.564,279.24737619047636,33.71309920634906,10.0,184.14996666666696
50,586.7125333333329,625.564,279.24737619047636,33.71309920634906,10.0,184.14996666666696
51,760.8624999999998,601.8509007936509,279.24737619047636,33.71309920634906,10.0,184.14996666666696
52,586.7125333333329,625.564,279.24737619047636,33.71309920634906,10.0,184.14996666666696
53,586.7125333333329,625.564,279.24737619047636,33.71309920634906,10.0,184.14996666666696
54,760.8624999999998,601.8509007936509,279.24737619047636,33.71309920634906,10.0,184.14996666666696
55,586.7125333333329,625.564,279.24737619047636,33.71309920634906,10.0,184.14996666666696
56,586.7125333333329,625.564,279.24737619047636,33.71309920634906,10.0,184.14996666666696
57,760.8624999999998,601.8509007936509,279.24737619047636,33.71309920634906,10.0,184.14996666666696
58,586.7125333333329,625.564,279.24737619047636,33.71309920634906,10.0,184.14996666666696
59,586.7125333333329,625.564,279.24737619047636,33.71309920634906,10.0,184.14996666666696
60,760.8624999999998,601.8509007936509,279.24737619047636,33.71309920634906,10.0,184.14996666666696
61,586.7125333333329,625.564,279.24737619047636,33.71309920634906,10.0,184.14996666666696
62,586.7125333333329,625.564,279.24737619047636,33.71309920634906,10.0,184.14996666666696
63,760.8624999999998,601.8509007936509,279.24737619047636,33.71309920634906,10.0,184.14996666666696
64,586.7125333333329,625.564,279.24737619047636,33.71309920634906,10.0,184.14996666666696
65,586.7125333333329,625.564,279.24737619047636,33.71309920634906,10.0,184.14996666666696
66,760.8624999999998,601.8509007936509,279.24737619047636,33.71309920634906,10.0,184.14996666666696
67,586.7125333333329,625.564,279.24737619047636,33.71309920634906,10.0,184.14996666666696
68,586.7125333333329,625.564,279.24737619047636,33.71309920634906,10.0,184.14996666666696
69,760.8624999999998,601.8509007936509,279.24737619047636,33.71309920634906,10.0,184.14996666666696
70,586.7125333333329,625.564,279.24737619047636,33.71309920634906,10.0,184.14996666666696
71,586.7125333333329,625.564,279.24737619047636,33.71309920634906,10.0,184.14996666666696
72,760.8624999999998,601.8509007936509,279.24737619047636,33.71309920634906,10.0,184.14996666666696
73,586.7125333333329,625.564,279.24737619047636,33.71309920634906,10.0,184.14996666666696
74,586.7125333333329,625.564,279.24737619047636,33.71309920634906,10.0,184.14996666666696
75,760.8624999999998,601.8509007936509,279.24737619047636,33.71309920634906,10.0,184.14996666666696
76,586.7125333333329,625.564,279.24737619047636,33.71309920634906,10.0,184.14996666666696
77,586.7125333333329,625.564,279.24737619047636,33.71309920634906,10.0,184.14996666666696
78,760.8624999999998,601.8509007936509,279.24737619047636,33.71309920634906,10.0,184.14996666666696
79,586.7125333333329,625.564,279.24737619047636,33.71309920634906,10.0,184.14996666666696
80,586.7125333333329,625.564,279.24737619047636,33.71309920634906,10.0,184.14996666666696
81,760.8624999999998,601.8509007936509,279.24737619047636,33.71309920634906,10.0,184.14996666666696
82,586.7125333333329,625.564,279.24737619047636,33.71309920634906,10.0,184.14996666666696
83,586.7125333333329,625.564,279.24737619047636,33.71309920634906,10.0,184.14996666666696
84,760.8624999999998,601.8509007936509,279.24737619047636,33.71309920634906,10.0,184.14996666666696
85,586.7125333333329,625.564,279.24737619047636,33.71309920634906,10.0,184.14996666666696
86,586.7125333333329,625.564,279.24737619047636,33.71309920634906,10.0,184.14996666666696
87,760.8624999999998,601.8509007936509,279.24737619047636,33.71309920634906,10.0,184.14996666666696
88,586.7125333333329,625.564,279.24737619047636,33.71309920634906,10.0,184.14996666666696
89,586.7125333333329,625.564,279.24737619047636,33.71309920634906,10.0,184.14996666666696
90,760.8624999999998,601.8509007936509,279.24737619047636,33.71309920634906,10.0,184.14996666666696
91,586.7125333333329,625.564,279.24737619047636,33.71309920634906,10.0,184.14996666666696
92,586.7125333333329,625.564,279.24737619047636,33.71309920634906,10.0,184.14996666666696
93,760.8624999999998,601.8509007936509,279.24737619047636,33.71309920634906,10.0,184.14996666666696
94,586.7125333333329,625.564,279.24737619047636,33.71309920634906,10.0,184.14996666666696
95,586.7125333333329,625.564,279.24737619047636,33.71309920634906,10.0,184.14996666666696
96,760.8624999999998,601.8509007936509,279.24737619047636,33.71309920634906,10.0,184.14996666666696
97,586.7125333333329,625.564,279.24737619047636,33.71309920634906,10.0,184.14996666666696
98,586.7125333333329,625.564,279.24737619047636,33.71309920634906,10.0,184.14996666666696
99,760.8624999999998,601.8509007936509,279.24737619047636,33.71309920634906,10.0,184.14996666666696
100,586.7125333333329,625.564,279.24737619047636,33.71309920634906,10.0,184.14996666666696
101,586.7125333333329,625.564,279.24737619047636,33.71309920634906,10.0,184.14996666666696
102,760.8624999999998,601.8509007936509,279.24737619047636,33.71309920634906,10.0,184.14996666666696
103,586.7125333333329,625.564,279.24737619047636,33.71309920634906,10.0,184.14996666666696
104,586.7125333333329,625.564,279.24737619047636,33.71309920634906,10.0,184.14996666666696
105,760.8624999999998,601.8509007936509,279.24737619047636,33.71309920634906,10.0,184.14996666666696
106,586.7125333333329,625.564,279.24737619047636,33.71309920634906,10.0,184.14996666666696
107,586.7125333333329,625.564,279.24737619047636,33.71309920634906,10.0,184.14996666666696
108,760.8624999999998,601.8509007936509,279.24737619047636,33.71309920634906,10.0,184.14996666666696
109,586.7125333333329,625.564,279.24737619047636,33.71309920634906,10.0,184.14996666666696
110,586.7125333333329,625.564,279.24737619047636,33.71309920634906,10.0,184.14996666666696
111,760.8624999999998,601.8509007936509,279.24737619047636,33.71309920634906,10.0,184.14996666666696
112,586.7125333333329,625.564,279.24737619047636,33.71309920634906,10.0,184.14996666666696
113,586.7125333333329,625.564,279.24737619047636,33.71309920634906,10.0,184.14996666666696
114,760.8624999999998,601.8509007936509,279.24737619047636,33.71309920634906,10.0,184.14996666666696
115,586.7125333333329,625.564,279.24737619047636,33.71309920634906,10.0,184.14996666666696
116,586.7125333333329,625.564,279.24737619047636,33.71309920634906,10.0,184.14996666666696
117,760.8624999999998,601.8509007936509,279.24737619047636,33.71309920634906,10.0,184.14996666666696
118,586.7125333333329,625.564,279.24737619047636,33.71309920634906,10.0,184.14996666666696
119,586.7125333333329,625.564,279.24737619047636,33.71309920634906,10.0,184.14996666666696
120,760.8624999999998,601.8509007936509,279.24737619047636,33.71309920634906,10.0,184.14996666666696
121,586.7125333333329,625.564,279.24737619047636,33.71309920634906,10.0,184.14996666666696
122,586.7125333333329,625.564,279.24737619047636,33.71309920634906,10.0,184.14996666666696
123,760.8624999999998,601.8509007936509,279.24737619047636,33.71309920634906,10.0,184.14996666666696
124,586.7125333333329,625.564,279.24737619047636,33.71309920634906,10.0,184.14996666666696
125,586.7125333333329,625.564,279.24737619047636,33.71309920634906,10.0,184.14996666666696
126,760.8624999999998,601.8509007936509,279.24737619047636,33.71309920634906,10.0,184.14996666666696
127,586.7125333333329,625.564,279.24737619047636,33.71309920634906,10.0,184.14996666666696
128,586.7125333333329,625.564,279.24737619047636,33.71309920634906,10.0,184.14996666666696
129,760.8624999999998,601.8509007936509,279.24737619047636,33.71309920634906,10.0,184.14996666666696
130,586.7125333333329,625.564,279.24737619047636,33.71309920634906,10.0,184.14996666666696
131,586.7125333333329,625.564,279.24737619047636,33.71309920634906,10.0,184.14996666666696
132,760.8624999999998,601.8509007936509,279.24737619047636,33.71309920634906,10.0,184.14996666666696
133,586.7125333333329,625.564,279.24737619047636,33.71309920634906,10.0,184.14996666666696
134,586.7125333333329,625.564,279.24737619047636,33.71309920634906,10.0,184.14996666666696
135,760.8624999999998,601.8509007936509,279.24737619047636,33.71309920634906,10.0,184.14996666666696
136,586.7125333333329,625.564,279.24737619047636,33.71309920634906,10.0,184.14996666666696
137,586.7125333333329,625.564,279.24737619047636,33.71309920634906,10.0,184.14996666666696
138,760.8624999999998,601.8509007936509,279.24737619047636,33.71309920634906,10.0,184.14996666666696
139,586.7125333333329,625.564,279.24737619047636,33.71309920634906,10.0,184.14996666666696
140,586.7125333333329,625.564,279.24737619047636,33.71309920634906,10.0,184.14996666666696
141,760.8624999999998,601.8509007936509,279.24737619047636,33.71309920634906,10.0,184.14996666666696
142,586.7125333333329,625.564,279.24737619047636,33.71309920634906,10.0,184.14996666666696
143,586.7125333333329,625.564,279.24737619047636,33.71309920634906,10.0,184.14996666666696
144,760.8624999999998,601.8509007936509,279.24737619047636,33.71309920634906,10.0,184.14996666666696
145,586.7125333333329,625.564,279.24737619047636,33.71309920634906,10.0,184.14996666666696
146,586.7125333333329,625.564,279.24737619047636,33.71309920634906,10.0,184.14996666666696
147,760.8624999999998,601.8509007936509,279.24737619047636,33.71309920634906,10.0,184.14996666666696
148,586.7125333333329,625.564,279.24737619047636,33.71309920634906,10.0,184.14996666666696
149,586.7125333333329,625.564,279.24737619047636,33.71309920634906,10.0,184.14996666666696
150,760.8624999999998,601.8509007936509,279.24737619047636,33.71309920634906,10.0,184.14996666666696
151,586.7125333333329,625.564,279.24737619047636,33.71309920634906,10.0,184.14996666666696
152,586.7125333333329,625.564,279.24737619047636,33.71309920634906,10.0,184.14996666666696
153,760.8624999999998,601.8509007936509,279.24737619047636,33.71309920634906,10.0,184.14996666666696
154,586.7125333333329,625.564,279.24737619047636,33.71309920634906,10.0,184.14996666666696
155,586.7125333333329,625.564,279.24737619047636,33.71309920634906,10.0,184.14996666666696
156,760.8624999999998,601.8509007936509,279.24737619047636,33.71309920634906,10.0,184.14996666666696
157,586.7125333333329,625.564,279.24737619047636,33.71309920634906,10.0,184.14996666666696
158,586.7125333333329,625.564,279.24737619047636,33.71309920634906,10.0,184.14996666666696
159,760.8624999999998,601.8509007936509,279.24737619047636,33.71309920634906,10.0,184.14996666666696
160,586.7125333333329,625.564,279.24737619047636,33.71309920634906,10.0,184.14996666666696
161,586.7125333333329,625.564,279.24737619047636,33.71309920634906,10.0,184.14996666666696
162,760.8624999999998,601.8509007936509,279.24737619047636,33.71309920634906,10.0,184.14996666666696
163,586.7125333333329,625.564,279.24737619047636,33.71309920634906,10.0,184.14996666666696
164,586.7125333333329,625.564,279.24737619047636,33.71309920634906,10.0,184.14996666666696
165,760.8624999999998,601.8509007936509,279.24737619047636,33.71309920634906,10.0,184.14996666666696
166,586.7125333333329,625.564,279.24737619047636,33.71309920634906,10.0,184.14996666666696
167,586.7125333333329,625.564,279.24737619047636,33.71309920634906,10.0,184.14996666666696
168,760.8624999999998,601.8509007936509,279.24737619047636,33.71309920634906,10.0,184.14996666666696
169,586.7125333333329,625.564,279.24737619047636,33.71309920634906,10.0,184.14996666666696
170,586.7125333333329,625.564,279.24737619047636,33.71309920634906,10.0,184.14996666666696
171,760.8624999999998,601.8509007936509,279.24737619047636,33.71309920634906,10.0,184.14996666666696
172,586.7125333333329,625.564,279.24737619047636,33.71309920634906,10.0,184.14996666666696
173,586.7125333333329,625.564,279.24737619047636,33.71309920634906,10.0,184.14996666666696
174,760.8624999999998,601.8509007936509,279.24737619047636,33.71309920634906,10.0,184.14996666666696
175,586.7125333333329,625.564,279.24737619047636,33.71309920634906,10.0,184.14996666666696
176,586.7125333333329,619.4333333333334,301.6211873015874,33.71309920634906,32.373811111111024,184.14996666666696
177,760.8624999999998,552.7303936147185,301.6211873015874,33.71309920634906,32.373811111111024,184.14996666666696
178,586.7125333333329,619.4333333333334,301.6211873015874,76.70293971861486,32.373811111111024,184.14996666666696
179,586.7125333333329,619.4333333333334,301.6211873015874,76.70293971861486,10.0,184.14996666666696
180,760.8624999999998,552.7303936147185,301.6211873015874,76.70293971861486,10.0,184.14996666666696
181,586.7125333333329,619.4333333333334,301.6211873015874,76.70293971861486,10.0,184.14996666666696
182,586.7125333333329,619.4333333333334,301.6211873015874,76.70293971861486,10.0,184.14996666666696
183,760.8624999999998,552.7303936147185,301.6211873015874,76.70293971861486,10.0,184.14996666666696
184,586.7125333333329,619.4333333333334,301.6211873015874,76.70293971861486,10.0,184.14996666666696
185,586.7125333333329,619.4333333333334,301.6211873015874,76.70293971861486,10.0,184.14996666666696
186,760.8624999999998,552.7303936147185,301.6211873015874,76.70293971861486,10.0,184.14996666666696
187,586.7125333333329,619.4333333333334,301.6211873015874,76.70293971861486,10.0,184.14996666666696
188,586.7125333333329,619.4333333333334,301.6211873015874,76.70293971861486,10.0,184.14996666666696
189,760.8624999999998,552.7303936147185,301.6211873015874,76.70293971861486,10.0,184.14996666666696
190,586.7125333333329,619.4333333333334,301.6211873015874,76.70293971861486,10.0,184.14996666666696
191,586.7125333333329,624.6656666666668,355.2300238095237,76.70293971861486,63.6088365079363,184.14996666666696
192,760.8624999999998,513.7426347041849,355.2300238095237,76.70293971861486,63.6088365079363,184.14996666666696
193,586.7125333333329,624.6656666666668,355.2300238095237,120.9230319624819,63.6088365079363,184.14996666666696
194,586.7125333333329,624.6656666666668,355.2300238095237,120.9230319624819,10.0,184.14996666666696
195,760.8624999999998,513.7426347041849,355.2300238095237,120.9230319624819,10.0,184.14996666666696
196,586.7125333333329,624.6656666666668,355.2300238095237,120.9230319624819,10.0,184.14996666666696
197,586.7125333333329,624.6656666666668,355.2300238095237,120.9230319624819,10.0,184.14996666666696
198,760.8624999999998,513.7426347041849,355.2300238095237,120.9230319624819,10.0,184.14996666666696
199,586.7125333333329,624.6656666666668,355.2300238095237,120.9230319624819,10.0,184.14996666666696
200,586.7125333333329,624.6656666666668,355.2300238095237,120.9230319624819,10.0,184.14996666666696
201,760.8624999999998,513.7426347041849,355.2300238095237,120.9230319624819,10.0,184.14996666666696
202,586.7125333333329,624.6656666666668,355.2300238095237,120.9230319624819,10.0,184.14996666666696
203,586.7125333333329,624.6656666666668,355.2300238095237,120.9230319624819,10.0,184.14996666666696
204,760.8624999999998,513.7426347041849,355.2300238095237,120.9230319624819,10.0,184.14996666666696
205,586.7125333333329,624.6656666666668,355.2300238095237,120.9230319624819,10.0,184.14996666666696
206,586.7125333333329,624.6656666666668,355.2300238095237,120.9230319624819,10.0,184.14996666666696
207,760.8624999999998,513.7426347041849,355.2300238095237,120.9230319624819,10.0,184.14996666666696
208,586.7125333333329,624.6656666666668,355.2300238095237,120.9230319624819,10.0,184.14996666666696
209,586.7125333333329,624.6656666666668,355.2300238095237,120.9230319624819,10.0,184.14996666666696
210,760.8624999999998,513.7426347041849,355.2300238095237,120.9230319624819,10.0,184.14996666666696
211,586.7125333333329,624.6656666666668,355.2300238095237,120.9230319624819,10.0,184.14996666666696
212,586.7125333333329,624.6656666666668,355.2300238095237,120.9230319624819,10.0,184.14996666666696
213,760.8624999999998,513.7426347041849,355.2300238095237,120.9230319624819,10.0,184.14996666666696
214,586.7125333333329,624.6656666666668,355.2300238095237,120.9230319624819,10.0,184.14996666666696
215,586.7125333333329,624.6656666666668,355.2300238095237,120.9230319624819,10.0,184.14996666666696
216,760.8624999999998,513.7426347041849,355.2300238095237,120.9230319624819,10.0,184.14996666666696
217,586.7125333333329,624.6656666666668,355.2300238095237,120.9230319624819,10.0,184.14996666666696
218,586.7125333333329,625.6917000000001,355.2300238095237,120.9230319624819,10.0,184.14996666666696
219,760.8624999999998,536.3643202741703,355.2300238095237,120.9230319624819,10.0,184.14996666666696
220,586.7125333333329,625.6917000000001,355.2300238095237,99.32737972582981,10.0,184.14996666666696
221,586.7125333333329,625.6917000000001,355.2300238095237,99.32737972582981,10.0,184.14996666666696
222,760.8624999999998,536.3643202741703,355.2300238095237,99.32737972582981,10.0,184.14996666666696
223,586.7125333333329,625.6917000000001,355.2300238095237,99.32737972582981,10.0,184.14996666666696
224,586.7125333333329,625.6917000000001,355.2300238095237,99.32737972582981,10.0,184.14996666666696
225,760.8624999999998,536.3643202741703,355.2300238095237,99.32737972582981,10.0,184.14996666666696
226,586.7125333333329,625.6917000000001,355.2300238095237,99.32737972582981,10.0,184.14996666666696
227,586.7125333333329,625.6917000000001,355.2300238095237,99.32737972582981,10.0,184.14996666666696
228,760.8624999999998,536.3643202741703,355.2300238095237,99.32737972582981,10.0,184.14996666666696
229,586.7125333333329,625.6917000000001,355.2300238095237,99.32737972582981,10.0,184.14996666666696
230,586.7125333333329,625.6917000000001,355.2300238095237,99.32737972582981,10.0,184.14996666666696
231,760.8624999999998,536.3643202741703,355.2300238095237,99.32737972582981,10.0,184.14996666666696
232,586.7125333333329,625.6917000000001,355.2300238095237,99.32737972582981,10.0,184.14996666666696
233,586.7125333333329,625.6917000000001,355.2300238095237,99.32737972582981,10.0,184.14996666666696
234,760.8624999999998,536.3643202741703,355.2300238095237,99.32737972582981,10.0,184.14996666666696
235,586.7125333333329,625.6917000000001,355.2300238095237,99.32737972582981,10.0,184.14996666666696
236,586.7125333333329,625.6917000000001,355.2300238095237,99.32737972582981,10.0,184.14996666666696
237,760.8624999999998,536.3643202741703,355.2300238095237,99.32737972582981,10.0,184.14996666666696
238,586.7125333333329,625.6917000000001,355.2300238095237,99.32737972582981,10.0,184.14996666666696
239,586.7125333333329,625.6917000000001,355.2300238095237,99.32737972582981,10.0,184.14996666666696
240,760.8624999999998,536.3643202741703,355.2300238095237,99.32737972582981,10.0,184.14996666666696
241,586.7125333333329,625.6917000000001,355.2300238095237,99.32737972582981,10.0,184.14996666666696
242,586.7125333333329,625.6917000000001,355.2300238095237,99.32737972582981,10.0,184.14996666666696
243,760.8624999999998,536.3643202741703,355.2300238095237,99.32737972582981,10.0,184.14996666666696
244,586.7125333333329,625.6917000000001,355.2300238095237,99.32737972582981,10.0,184.14996666666696
245,586.7125333333329,625.6917000000001,355.2300238095237,99.32737972582981,10.0,184.14996666666696
246,760.8624999999998,536.3643202741703,355.2300238095237,99.32737972582981,10.0,184.14996666666696
247,586.7125333333329,625.6917000000001,355.2300238095237,99.32737972582981,10.0,184.14996666666696
248,586.7125333333329,625.6917000000001,355.2300238095237,99.32737972582981,10.0,184.14996666666696
249,760.8624999999998,536.3643202741703,355.2300238095237,99.32737972582981,10.0,184.14996666666696
250,586.7125333333329,625.6917000000001,355.2300238095237,99.32737972582981,10.0,184.14996666666696
251,586.7125333333329,625.6917000000001,355.2300238095237,99.32737972582981,10.0,184.14996666666696
252,586.7125333333329,625.6917000000001,355.2300238095237,99.32737972582981,10.0,10.0
253,586.7125333333329,633.345554761905,344.8708499999999,99.32737972582981,-0.35917380952378153,10.0
254,760.8624999999998,415.8737840548342,344.8708499999999,99.32737972582981,-0.35917380952378153,184.14996666666696
255,586.7125333333329,633.345554761905,344.8708499999999,227.4717707070708,-0.35917380952378153,184.14996666666696
256,586.7125333333329,618.5732833333335,390.18396259018766,227.4717707070708,55.31311259018776,184.14996666666696
257,760.8624999999998,406.3144880952382,390.18396259018766,227.4717707070708,55.31311259018776,184.14996666666696
258,586.7125333333329,618.5732833333335,390.18396259018766,222.25879523809533,55.31311259018776,184.14996666666696
259,586.7125333333329,618.5732833333335,390.18396259018766,222.25879523809533,10.0,184.14996666666696
260,760.8624999999998,406.3144880952382,390.18396259018766,222.25879523809533,10.0,184.14996666666696
261,586.7125333333329,618.5732833333335,390.18396259018766,222.25879523809533,10.0,184.14996666666696
262,586.7125333333329,610.5421416666671,404.31997098040847,222.25879523809533,24.13600839022081,184.14996666666696
263,760.8624999999998,453.7720083333334,404.31997098040847,222.25879523809533,24.13600839022081,184.14996666666696
264,586.7125333333329,610.5421416666671,404.31997098040847,166.77013333333372,24.13600839022081,184.14996666666696
265,586.7125333333329,584.0660833333338,435.58785585688827,166.77013333333372,41.2678848764798,184.14996666666696
266,549.5567394300141,633.345554761905,435.58785585688827,59.27947142857113,41.2678848764798,184.14996666666696
267,549.5567394300141,633.345554761905,435.58785585688827,59.27947142857113,10.0,184.14996666666696
268,586.7125333333329,584.0660833333338,435.58785585688827,59.27947142857113,10.0,47.155793903318795
269,549.5567394300141,633.345554761905,435.58785585688827,59.27947142857113,10.0,47.155793903318795
270,549.5567394300141,620.5882833333335,425.79834880952404,59.27947142857113,0.21049295263577505,47.155793903318795
271,586.7125333333329,568.3086666666676,425.79834880952404,59.27947142857113,0.21049295263577505,47.155793903318795
272,549.5567394300141,620.5882833333335,425.79834880952404,62.2796166666659,0.21049295263577505,47.155793903318795
273,549.5567394300141,620.5882833333335,425.79834880952404,62.2796166666659,10.0,47.155793903318795
274,586.7125333333329,568.3086666666676,425.79834880952404,62.2796166666659,10.0,47.155793903318795
275,549.5567394300141,620.5882833333335,425.79834880952404,62.2796166666659,10.0,47.155793903318795
276,549.5567394300141,584.0660833333338,463.7624198412699,62.2796166666659,47.964071031745846,47.155793903318795
277,586.7125333333329,515.167855555556,463.7624198412699,62.2796166666659,47.964071031745846,47.155793903318795
278,549.5567394300141,584.0660833333338,463.7624198412699,78.89822777777783,47.964071031745846,47.155793903318795
279,549.5567394300141,601.5476000000006,442.16580787268265,78.89822777777783,-11.59661196858724,47.155793903318795
280,586.7125333333329,485.8143928571428,442.16580787268265,78.89822777777783,-11.59661196858724,47.155793903318795
281,549.5567394300141,601.5476000000006,442.16580787268265,125.73320714285774,-11.59661196858724,47.155793903318795
282,549.5567394300141,601.5476000000006,442.16580787268265,125.73320714285774,10.0,47.155793903318795
283,586.7125333333329,485.8143928571428,442.16580787268265,125.73320714285774,10.0,47.155793903318795
284,549.5567394300141,601.5476000000006,442.16580787268265,125.73320714285774,10.0,47.155793903318795
285,549.5567394300141,601.5476000000006,442.16580787268265,125.73320714285774,10.0,47.155793903318795
286,586.7125333333329,485.8143928571428,442.16580787268265,125.73320714285774,10.0,47.155793903318795
287,549.5567394300141,601.5476000000006,442.16580787268265,125.73320714285774,10.0,47.155793903318795
288,549.5567394300141,568.3086666666676,493.3065194721946,125.73320714285774,61.140711599511974,47.155793903318795
289,586.7125333333329,481.6694545454543,493.3065194721946,125.73320714285774,61.140711599511974,47.155793903318795
290,549.5567394300141,568.3086666666676,493.3065194721946,96.63921212121329,61.140711599511974,47.155793903318795
291,549.5567394300141,568.3086666666676,493.3065194721946,96.63921212121329,10.0,47.155793903318795
292,586.7125333333329,481.6694545454543,493.3065194721946,96.63921212121329,10.0,47.155793903318795
293,549.5567394300141,568.3086666666676,493.3065194721946,96.63921212121329,10.0,47.155793903318795
294,549.5567394300141,568.3086666666676,493.3065194721946,96.63921212121329,10.0,47.155793903318795
295,586.7125333333329,481.6694545454543,493.3065194721946,96.63921212121329,10.0,47.155793903318795
296,549.5567394300141,568.3086666666676,493.3065194721946,96.63921212121329,10.0,47.155793903318795
297,549.5567394300141,568.3086666666676,493.3065194721946,96.63921212121329,10.0,47.155793903318795
298,586.7125333333329,481.6694545454543,493.3065194721946,96.63921212121329,10.0,47.155793903318795
299,549.5567394300141,568.3086666666676,493.3065194721946,96.63921212121329,10.0,47.155793903318795
300,549.5567394300141,568.3086666666676,493.3065194721946,96.63921212121329,10.0,47.155793903318795
301,586.7125333333329,481.6694545454543,493.3065194721946,96.63921212121329,10.0,47.155793903318795
302,549.5567394300141,568.3086666666676,493.3065194721946,96.63921212121329,10.0,47.155793903318795
303,549.5567394300141,568.3086666666676,493.3065194721946,96.63921212121329,10.0,47.155793903318795
304,586.7125333333329,481.6694545454543,493.3065194721946,96.63921212121329,10.0,47.155793903318795
305,549.5567394300141,568.3086666666676,493.3065194721946,96.63921212121329,10.0,47.155793903318795
306,549.5567394300141,568.3086666666676,493.3065194721946,96.63921212121329,10.0,47.155793903318795
307,586.7125333333329,481.6694545454543,493.3065194721946,96.63921212121329,10.0,47.155793903318795
308,549.5567394300141,568.3086666666676,493.3065194721946,96.63921212121329,10.0,47.155793903318795
309,549.5567394300141,568.3086666666676,493.3065194721946,96.63921212121329,10.0,47.155793903318795
310,586.7125333333329,481.6694545454543,493.3065194721946,96.63921212121329,10.0,47.155793903318795
311,549.5567394300141,568.3086666666676,493.3065194721946,96.63921212121329,10.0,47.155793903318795
312,549.5567394300141,568.3086666666676,493.3065194721946,96.63921212121329,10.0,47.155793903318795
313,586.7125333333329,481.6694545454543,493.3065194721946,96.63921212121329,10.0,47.155793903318795
314,549.5567394300141,568.3086666666676,493.3065194721946,96.63921212121329,10.0,47.155793903318795
315,549.5567394300141,568.3086666666676,493.3065194721946,96.63921212121329,10.0,47.155793903318795
316,586.7125333333329,481.6694545454543,493.3065194721946,96.63921212121329,10.0,47.155793903318795
317,549.5567394300141,568.3086666666676,493.3065194721946,96.63921212121329,10.0,47.155793903318795
318,549.5567394300141,568.3086666666676,493.3065194721946,96.63921212121329,10.0,47.155793903318795
319,586.7125333333329,481.6694545454543,493.3065194721946,96.63921212121329,10.0,47.155793903318795
320,549.5567394300141,568.3086666666676,493.3065194721946,96.63921212121329,10.0,47.155793903318795
321,549.5567394300141,568.3086666666676,493.3065194721946,96.63921212121329,10.0,47.155793903318795
322,586.7125333333329,481.6694545454543,493.3065194721946,96.63921212121329,10.0,47.155793903318795
323,549.5567394300141,568.3086666666676,493.3065194721946,96.63921212121329,10.0,47.155793903318795
324,549.5567394300141,568.3086666666676,493.3065194721946,96.63921212121329,10.0,47.155793903318795
325,586.7125333333329,481.6694545454543,493.3065194721946,96.63921212121329,10.0,47.155793903318795
326,549.5567394300141,568.3086666666676,493.3065194721946,96.63921212121329,10.0,47.155793903318795
327,549.5567394300141,568.3086666666676,493.3065194721946,96.63921212121329,10.0,47.155793903318795
328,586.7125333333329,481.6694545454543,493.3065194721946,96.63921212121329,10.0,47.155793903318795
329,549.5567394300141,568.3086666666676,493.3065194721946,96.63921212121329,10.0,47.155793903318795
330,549.5567394300141,568.3086666666676,493.3065194721946,96.63921212121329,10.0,47.155793903318795
331,586.7125333333329,481.6694545454543,493.3065194721946,96.63921212121329,10.0,47.155793903318795
332,549.5567394300141,568.3086666666676,493.3065194721946,96.63921212121329,10.0,47.155793903318795
333,549.5567394300141,568.3086666666676,493.3065194721946,96.63921212121329,10.0,47.155793903318795
334,586.7125333333329,481.6694545454543,493.3065194721946,96.63921212121329,10.0,47.155793903318795
335,549.5567394300141,568.3086666666676,493.3065194721946,96.63921212121329,10.0,47.155793903318795
336,549.5567394300141,568.3086666666676,493.3065194721946,96.63921212121329,10.0,47.155793903318795
337,586.7125333333329,481.6694545454543,493.3065194721946,96.63921212121329,10.0,47.155793903318795
338,549.5567394300141,568.3086666666676,493.3065194721946,96.63921212121329,10.0,47.155793903318795
339,549.5567394300141,568.3086666666676,493.3065194721946,96.63921212121329,10.0,47.155793903318795
340,586.7125333333329,481.6694545454543,493.3065194721946,96.63921212121329,10.0,47.155793903318795
341,549.5567394300141,568.3086666666676,493.3065194721946,96.63921212121329,10.0,47.155793903318795
342,549.5567394300141,568.3086666666676,493.3065194721946,96.63921212121329,10.0,47.155793903318795
343,586.7125333333329,481.6694545454543,493.3065194721946,96.63921212121329,10.0,47.155793903318795
344,549.5567394300141,568.3086666666676,493.3065194721946,96.63921212121329,10.0,47.155793903318795
345,549.5567394300141,568.3086666666676,493.3065194721946,96.63921212121329,10.0,47.155793903318795
346,586.7125333333329,481.6694545454543,493.3065194721946,96.63921212121329,10.0,47.155793903318795
347,549.5567394300141,568.3086666666676,493.3065194721946,96.63921212121329,10.0,47.155793903318795
348,549.5567394300141,568.3086666666676,493.3065194721946,96.63921212121329,10.0,47.155793903318795
349,586.7125333333329,481.6694545454543,493.3065194721946,96.63921212121329,10.0,47.155793903318795
350,549.5567394300141,568.3086666666676,493.3065194721946,96.63921212121329,10.0,47.155793903318795
351,549.5567394300141,568.3086666666676,493.3065194721946,96.63921212121329,10.0,47.155793903318795
352,586.7125333333329,481.6694545454543,493.3065194721946,96.63921212121329,10.0,47.155793903318795
353,549.5567394300141,568.3086666666676,493.3065194721946,96.63921212121329,10.0,47.155793903318795
354,549.5567394300141,568.3086666666676,493.3065194721946,96.63921212121329,10.0,47.155793903318795
355,586.7125333333329,481.6694545454543,493.3065194721946,96.63921212121329,10.0,47.155793903318795
356,549.5567394300141,568.3086666666676,493.3065194721946,96.63921212121329,10.0,47.155793903318795
357,549.5567394300141,568.3086666666676,493.3065194721946,96.63921212121329,10.0,47.155793903318795
358,586.7125333333329,481.6694545454543,493.3065194721946,96.63921212121329,10.0,47.155793903318795
359,549.5567394300141,568.3086666666676,493.3065194721946,96.63921212121329,10.0,47.155793903318795
360,549.5567394300141,568.3086666666676,493.3065194721946,96.63921212121329,10.0,47.155793903318795
361,586.7125333333329,481.6694545454543,493.3065194721946,96.63921212121329,10.0,47.155793903318795
362,549.5567394300141,568.3086666666676,493.3065194721946,96.63921212121329,10.0,47.155793903318795
363,549.5567394300141,568.3086666666676,493.3065194721946,96.63921212121329,10.0,47.155793903318795
364,586.7125333333329,481.6694545454543,493.3065194721946,96.63921212121329,10.0,47.155793903318795
365,549.5567394300141,568.3086666666676,493.3065194721946,96.63921212121329,10.0,47.155793903318795
366,549.5567394300141,568.3086666666676,493.3065194721946,96.63921212121329,10.0,47.155793903318795
367,586.7125333333329,481.6694545454543,493.3065194721946,96.63921212121329,10.0,47.155793903318795
368,549.5567394300141,568.3086666666676,493.3065194721946,96.63921212121329,10.0,47.155793903318795
369,549.5567394300141,568.3086666666676,493.3065194721946,96.63921212121329,10.0,47.155793903318795
370,586.7125333333329,481.6694545454543,493.3065194721946,96.63921212121329,10.0,47.155793903318795
371,549.5567394300141,568.3086666666676,493.3065194721946,96.63921212121329,10.0,47.155793903318795
372,549.5567394300141,568.3086666666676,493.3065194721946,96.63921212121329,10.0,47.155793903318795
373,586.7125333333329,481.6694545454543,493.3065194721946,96.63921212121329,10.0,47.155793903318795
374,549.5567394300141,568.3086666666676,493.3065194721946,96.63921212121329,10.0,47.155793903318795
375,549.5567394300141,568.3086666666676,493.3065194721946,96.63921212121329,10.0,47.155793903318795
376,586.7125333333329,481.6694545454543,493.3065194721946,96.63921212121329,10.0,47.155793903318795
377,549.5567394300141,568.3086666666676,493.3065194721946,96.63921212121329,10.0,47.155793903318795
378,586.7125333333329,481.6694545454543,493.3065194721946,96.63921212121329,10.0,47.155793903318795
379,549.5567394300141,568.3086666666676,493.3065194721946,96.63921212121329,10.0,47.155793903318795
380,549.5567394300141,568.3086666666676,493.3065194721946,96.63921212121329,10.0,47.155793903318795
381,586.7125333333329,481.6694545454543,493.3065194721946,96.63921212121329,10.0,47.155793903318795
382,549.5567394300141,568.3086666666676,493.3065194721946,96.63921212121329,10.0,47.155793903318795
383,549.5567394300141,568.3086666666676,493.3065194721946,96.63921212121329,10.0,47.155793903318795
384,586.7125333333329,481.6694545454543,493.3065194721946,96.63921212121329,10.0,47.155793903318795
385,549.5567394300141,568.3086666666676,493.3065194721946,96.63921212121329,10.0,47.155793903318795
386,549.5567394300141,568.3086666666676,493.3065194721946,96.63921212121329,10.0,47.155793903318795
387,586.7125333333329,481.6694545454543,493.3065194721946,96.63921212121329,10.0,47.155793903318795
388,549.5567394300141,568.3086666666676,493.3065194721946,96.63921212121329,10.0,47.155793903318795
389,549.5567394300141,568.3086666666676,493.3065194721946,96.63921212121329,10.0,47.155793903318795
390,586.7125333333329,481.6694545454543,493.3065194721946,96.63921212121329,10.0,47.155793903318795
391,549.5567394300141,568.3086666666676,493.3065194721946,96.63921212121329,10.0,47.155793903318795
392,549.5567394300141,568.3086666666676,493.3065194721946,96.63921212121329,10.0,47.155793903318795
393,586.7125333333329,481.6694545454543,493.3065194721946,96.63921212121329,10.0,47.155793903318795
394,549.5567394300141,568.3086666666676,493.3065194721946,96.63921212121329,10.0,47.155793903318795
395,549.5567394300141,568.3086666666676,493.3065194721946,96.63921212121329,10.0,47.155793903318795
396,586.7125333333329,481.6694545454543,493.3065194721946,96.63921212121329,10.0,47.155793903318795
397,549.5567394300141,568.3086666666676,493.3065194721946,96.63921212121329,10.0,47.155793903318795
398,549.5567394300141,568.3086666666676,493.3065194721946,96.63921212121329,10.0,47.155793903318795
399,586.7125333333329,481.6694545454543,493.3065194721946,96.63921212121329,10.0,47.155793903318795
400,549.5567394300141,568.3086666666676,493.3065194721946,96.63921212121329,10.0,47.155793903318795
401,549.5567394300141,568.3086666666676,493.3065194721946,96.63921212121329,10.0,47.155793903318795
402,586.7125333333329,481.6694545454543,493.3065194721946,96.63921212121329,10.0,47.155793903318795
403,549.5567394300141,568.3086666666676,493.3065194721946,96.63921212121329,10.0,47.155793903318795
404,549.5567394300141,568.3086666666676,493.3065194721946,96.63921212121329,10.0,47.155793903318795
405,586.7125333333329,481.6694545454543,493.3065194721946,96.63921212121329,10.0,47.155793903318795
406,549.5567394300141,568.3086666666676,493.3065194721946,96.63921212121329,10.0,47.155793903318795
407,549.5567394300141,568.3086666666676,493.3065194721946,96.63921212121329,10.0,47.155793903318795
408,586.7125333333329,481.6694545454543,493.3065194721946,96.63921212121329,10.0,47.155793903318795
409,549.5567394300141,568.3086666666676,493.3065194721946,96.63921212121329,10.0,47.155793903318795
410,549.5567394300141,568.3086666666676,493.3065194721946,96.63921212121329,10.0,47.155793903318795
411,586.7125333333329,481.6694545454543,493.3065194721946,96.63921212121329,10.0,47.155793903318795
412,549.5567394300141,568.3086666666676,493.3065194721946,96.63921212121329,10.0,47.155793903318795
413,549.5567394300141,568.3086666666676,493.3065194721946,96.63921212121329,10.0,47.155793903318795
414,586.7125333333329,481.6694545454543,493.3065194721946,96.63921212121329,10.0,47.155793903318795
415,549.5567394300141,568.3086666666676,493.3065194721946,96.63921212121329,10.0,47.155793903318795
416,549.5567394300141,568.3086666666676,493.3065194721946,96.63921212121329,10.0,47.155793903318795
417,586.7125333333329,481.6694545454543,493.3065194721946,96.63921212121329,10.0,47.155793903318795
418,549.5567394300141,568.3086666666676,493.3065194721946,96.63921212121329,10.0,47.155793903318795
419,549.5567394300141,568.3086666666676,493.3065194721946,96.63921212121329,10.0,47.155793903318795
420,586.7125333333329,481.6694545454543,493.3065194721946,96.63921212121329,10.0,47.155793903318795
421,549.5567394300141,568.3086666666676,493.3065194721946,96.63921212121329,10.0,47.155793903318795
422,549.5567394300141,568.3086666666676,493.3065194721946,96.63921212121329,10.0,47.155793903318795
423,586.7125333333329,481.6694545454543,493.3065194721946,96.63921212121329,10.0,47.155793903318795
424,549.5567394300141,568.3086666666676,493.3065194721946,96.63921212121329,10.0,47.155793903318795
425,549.5567394300141,568.3086666666676,493.3065194721946,96.63921212121329,10.0,47.155793903318795
426,586.7125333333329,481.6694545454543,493.3065194721946,96.63921212121329,10.0,47.155793903318795
427,549.5567394300141,568.3086666666676,493.3065194721946,96.63921212121329,10.0,47.155793903318795
428,549.5567394300141,568.3086666666676,493.3065194721946,96.63921212121329,10.0,47.155793903318795
429,586.7125333333329,481.6694545454543,493.3065194721946,96.63921212121329,10.0,47.155793903318795
430,549.5567394300141,568.3086666666676,493.3065194721946,96.63921212121329,10.0,47.155793903318795
431,549.5567394300141,568.3086666666676,493.3065194721946,96.63921212121329,10.0,47.155793903318795
432,586.7125333333329,481.6694545454543,493.3065194721946,96.63921212121329,10.0,47.155793903318795
433,549.5567394300141,568.3086666666676,493.3065194721946,96.63921212121329,10.0,47.155793903318795
434,549.5567394300141,568.3086666666676,493.3065194721946,96.63921212121329,10.0,47.155793903318795
435,586.7125333333329,481.6694545454543,493.3065194721946,96.63921212121329,10.0,47.155793903318795
436,549.5567394300141,568.3086666666676,493.3065194721946,96.63921212121329,10.0,47.155793903318795
437,586.7125333333329,481.6694545454543,493.3065194721946,96.63921212121329,10.0,47.155793903318795
438,549.5567394300141,568.3086666666676,493.3065194721946,96.63921212121329,10.0,47.155793903318795
439,549.5567394300141,568.3086666666676,493.3065194721946,96.63921212121329,10.0,47.155793903318795
440,586.7125333333329,481.6694545454543,493.3065194721946,96.63921212121329,10.0,47.155793903318795
441,549.5567394300141,568.3086666666676,493.3065194721946,96.63921212121329,10.0,47.155793903318795
442,549.5567394300141,568.3086666666676,493.3065194721946,96.63921212121329,10.0,47.155793903318795
443,586.7125333333329,481.6694545454543,493.3065194721946,96.63921212121329,10.0,47.155793903318795
444,549.5567394300141,568.3086666666676,493.3065194721946,96.63921212121329,10.0,47.155793903318795
445,549.5567394300141,568.3086666666676,493.3065194721946,96.63921212121329,10.0,47.155793903318795
446,586.7125333333329,481.6694545454543,493.3065194721946,96.63921212121329,10.0,47.155793903318795
447,549.5567394300141,568.3086666666676,493.3065194721946,96.63921212121329,10.0,47.155793903318795
448,549.5567394300141,568.3086666666676,493.3065194721946,96.63921212121329,10.0,47.155793903318795
449,586.7125333333329,481.6694545454543,493.3065194721946,96.63921212121329,10.0,47.155793903318795
450,549.5567394300141,568.3086666666676,493.3065194721946,96.63921212121329,10.0,47.155793903318795
451,549.5567394300141,568.3086666666676,493.3065194721946,96.63921212121329,10.0,47.155793903318795
452,586.7125333333329,481.6694545454543,493.3065194721946,96.63921212121329,10.0,47.155793903318795
453,549.5567394300141,568.3086666666676,493.3065194721946,96.63921212121329,10.0,47.155793903318795
454,586.7125333333329,481.6694545454543,493.3065194721946,96.63921212121329,10.0,47.155793903318795
455,549.5567394300141,568.3086666666676,493.3065194721946,96.63921212121329,10.0,47.155793903318795
456,586.7125333333329,481.6694545454543,493.3065194721946,96.63921212121329,10.0,47.155793903318795
457,549.5567394300141,568.3086666666676,493.3065194721946,96.63921212121329,10.0,47.155793903318795
458,549.5567394300141,568.3086666666676,493.3065194721946,96.63921212121329,10.0,47.155793903318795
459,586.7125333333329,481.6694545454543,493.3065194721946,96.63921212121329,10.0,47.155793903318795
460,549.5567394300141,568.3086666666676,493.3065194721946,96.63921212121329,10.0,47.155793903318795
461,549.5567394300141,568.3086666666676,493.3065194721946,96.63921212121329,10.0,47.155793903318795
462,586.7125333333329,481.6694545454543,493.3065194721946,96.63921212121329,10.0,47.155793903318795
463,549.5567394300141,568.3086666666676,493.3065194721946,96.63921212121329,10.0,47.155793903318795
464,549.5567394300141,568.3086666666676,493.3065194721946,96.63921212121329,10.0,47.155793903318795
465,586.7125333333329,481.6694545454543,493.3065194721946,96.63921212121329,10.0,47.155793903318795
466,549.5567394300141,568.3086666666676,493.3065194721946,96.63921212121329,10.0,47.155793903318795
467,549.5567394300141,568.3086666666676,493.3065194721946,96.63921212121329,10.0,47.155793903318795
468,586.7125333333329,481.6694545454543,493.3065194721946,96.63921212121329,10.0,47.155793903318795
469,549.5567394300141,568.3086666666676,493.3065194721946,96.63921212121329,10.0,47.155793903318795
470,549.5567394300141,594.1267857142864,508.02093181818236,96.63921212121329,24.71441234598774,47.155793903318795
471,586.7125333333329,521.187531529581,508.02093181818236,96.63921212121329,24.71441234598774,47.155793903318795
472,549.5567394300141,594.1267857142864,508.02093181818236,82.93925418470542,24.71441234598774,47.155793903318795
473,549.5567394300141,594.1267857142864,508.02093181818236,82.93925418470542,10.0,47.155793903318795
474,586.7125333333329,521.187531529581,508.02093181818236,82.93925418470542,10.0,47.155793903318795
475,549.5567394300141,594.1267857142864,508.02093181818236,82.93925418470542,10.0,47.155793903318795
476,549.5567394300141,515.167855555556,498.4609117965367,82.93925418470542,0.43997997835435854,47.155793903318795
477,549.5567394300141,515.167855555556,498.4609117965367,10.0,0.43997997835435854,47.155793903318795
478,549.5567394300141,515.167855555556,498.4609117965367,10.0,10.0,47.155793903318795
479,549.5567394300141,515.167855555556,498.4609117965367,10.0,10.0,47.155793903318795
480,549.5567394300141,515.167855555556,498.4609117965367,10.0,10.0,47.155793903318795
481,549.5567394300141,515.167855555556,498.4609117965367,10.0,10.0,47.155793903318795
482,549.5567394300141,515.167855555556,498.4609117965367,10.0,10.0,47.155793903318795
483,549.5567394300141,515.167855555556,498.4609117965367,10.0,10.0,47.155793903318795
484,549.5567394300141,515.167855555556,498.4609117965367,10.0,10.0,47.155793903318795
485,549.5567394300141,515.167855555556,498.4609117965367,10.0,10.0,47.155793903318795
486,549.5567394300141,515.167855555556,498.4609117965367,10.0,10.0,47.155793903318795
487,549.5567394300141,515.167855555556,498.4609117965367,10.0,10.0,47.155793903318795
488,549.5567394300141,515.167855555556,498.4609117965367,10.0,10.0,47.155793903318795
489,549.5567394300141,515.167855555556,498.4609117965367,10.0,10.0,47.155793903318795
490,549.5567394300141,515.167855555556,498.4609117965367,10.0,10.0,47.155793903318795
491,549.5567394300141,515.167855555556,498.4609117965367,10.0,10.0,47.155793903318795
492,549.5567394300141,515.167855555556,498.4609117965367,10.0,10.0,47.155793903318795
493,549.5567394300141,515.167855555556,498.4609117965367,10.0,10.0,47.155793903318795
494,549.5567394300141,515.167855555556,498.4609117965367,10.0,10.0,47.155793903318795
495,549.5567394300141,515.167855555556,498.4609117965367,10.0,10.0,47.155793903318795
496,549.5567394300141,515.167855555556,498.4609117965367,10.0,10.0,47.155793903318795
497,549.5567394300141,515.167855555556,498.4609117965367,10.0,10.0,47.155793903318795
498,549.5567394300141,515.167855555556,498.4609117965367,10.0,10.0,47.155793903318795
499,549.5567394300141,515.167855555556,498.4609117965367,10.0,10.0,47.155793903318795
500,549.5567394300141,515.167855555556,498.4609117965367,10.0,10.0,47.155793903318795
501,549.5567394300141,515.167855555556,498.4609117965367,10.0,10.0,47.155793903318795
502,549.5567394300141,515.167855555556,498.4609117965367,10.0,10.0,47.155793903318795
503,549.5567394300141,515.167855555556,498.4609117965367,10.0,10.0,47.155793903318795
504,549.5567394300141,515.167855555556,498.4609117965367,10.0,10.0,47.155793903318795
505,549.5567394300141,515.167855555556,498.4609117965367,10.0,10.0,47.155793903318795
506,549.5567394300141,515.167855555556,498.4609117965367,10.0,10.0,47.155793903318795
507,549.5567394300141,515.167855555556,498.4609117965367,10.0,10.0,47.155793903318795
508,549.5567394300141,515.167855555556,498.4609117965367,10.0,10.0,47.155793903318795
509,549.5567394300141,515.167855555556,498.4609117965367,10.0,10.0,47.155793903318795
510,549.5567394300141,515.167855555556,498.4609117965367,10.0,10.0,47.155793903318795
511,549.5567394300141,515.167855555556,498.4609117965367,10.0,10.0,47.155793903318795
512,549.5567394300141,515.167855555556,498.4609117965367,10.0,10.0,47.155793903318795
513,549.5567394300141,515.167855555556,498.4609117965367,10.0,10.0,47.155793903318795
514,549.5567394300141,515.167855555556,498.4609117965367,10.0,10.0,47.155793903318795
515,549.5567394300141,515.167855555556,498.4609117965367,10.0,10.0,47.155793903318795
516,549.5567394300141,515.167855555556,498.4609117965367,10.0,10.0,47.155793903318795
517,549.5567394300141,515.167855555556,498.4609117965367,10.0,10.0,47.155793903318795
518,549.5567394300141,515.167855555556,498.4609117965367,10.0,10.0,47.155793903318795
519,549.5567394300141,515.167855555556,498.4609117965367,10.0,10.0,47.155793903318795
520,549.5567394300141,515.167855555556,498.4609117965367,10.0,10.0,47.155793903318795
521,549.5567394300141,515.167855555556,498.4609117965367,10.0,10.0,47.155793903318795
522,549.5567394300141,515.167855555556,498.4609117965367,10.0,10.0,47.155793903318795
523,549.5567394300141,515.167855555556,498.4609117965367,10.0,10.0,47.155793903318795
524,549.5567394300141,515.167855555556,498.4609117965367,10.0,10.0,47.155793903318795
525,549.5567394300141,515.167855555556,498.4609117965367,10.0,10.0,47.155793903318795
526,549.5567394300141,515.167855555556,498.4609117965367,10.0,10.0,47.155793903318795
527,549.5567394300141,515.167855555556,498.4609117965367,10.0,10.0,47.155793903318795
528,549.5567394300141,515.167855555556,498.4609117965367,10.0,10.0,47.155793903318795
529,549.5567394300141,515.167855555556,498.4609117965367,10.0,10.0,47.155793903318795
530,549.5567394300141,515.167855555556,498.4609117965367,10.0,10.0,47.155793903318795
531,549.5567394300141,515.167855555556,498.4609117965367,10.0,10.0,47.155793903318795
532,549.5567394300141,515.167855555556,498.4609117965367,10.0,10.0,47.155793903318795
533,549.5567394300141,515.167855555556,498.4609117965367,10.0,10.0,47.155793903318795
534,549.5567394300141,515.167855555556,498.4609117965367,10.0,10.0,47.155793903318795
535,549.5567394300141,515.167855555556,498.4609117965367,10.0,10.0,47.155793903318795
536,549.5567394300141,515.167855555556,498.4609117965367,10.0,10.0,47.155793903318795
537,549.5567394300141,515.167855555556,498.4609117965367,10.0,10.0,47.155793903318795
538,549.5567394300141,515.167855555556,498.4609117965367,10.0,10.0,47.155793903318795
539,549.5567394300141,515.167855555556,498.4609117965367,10.0,10.0,47.155793903318795
540,549.5567394300141,515.167855555556,498.4609117965367,10.0,10.0,47.155793903318795
541,549.5567394300141,515.167855555556,498.4609117965367,10.0,10.0,47.155793903318795
542,549.5567394300141,515.167855555556,498.4609117965367,10.0,10.0,47.155793903318795
543,549.5567394300141,515.167855555556,498.4609117965367,10.0,10.0,47.155793903318795
544,549.5567394300141,515.167855555556,498.4609117965367,10.0,10.0,47.155793903318795
545,549.5567394300141,515.167855555556,498.4609117965367,10.0,10.0,47.155793903318795
546,549.5567394300141,515.167855555556,498.4609117965367,10.0,10.0,47.155793903318795
547,549.5567394300141,515.167855555556,498.4609117965367,10.0,10.0,47.155793903318795
548,549.5567394300141,515.167855555556,498.4609117965367,10.0,10.0,47.155793903318795
549,549.5567394300141,515.167855555556,498.4609117965367,10.0,10.0,47.155793903318795
550,549.5567394300141,515.167855555556,498.4609117965367,10.0,10.0,47.155793903318795
551,549.5567394300141,515.167855555556,498.4609117965367,10.0,10.0,47.155793903318795
552,549.5567394300141,515.167855555556,498.4609117965367,10.0,10.0,47.155793903318795
553,549.5567394300141,515.167855555556,498.4609117965367,10.0,10.0,47.155793903318795
554,549.5567394300141,515.167855555556,498.4609117965367,10.0,10.0,47.155793903318795
555,549.5567394300141,515.167855555556,498.4609117965367,10.0,10.0,47.155793903318795
556,549.5567394300141,485.8143928571428,509.5501307880672,10.0,21.08921899153046,47.155793903318795
557,549.5567394300141,485.8143928571428,509.5501307880672,10.0,21.08921899153046,47.155793903318795
558,549.5567394300141,485.8143928571428,509.5501307880672,10.0,21.08921899153046,47.155793903318795
559,549.5567394300141,485.8143928571428,509.5501307880672,10.0,21.08921899153046,47.155793903318795
560,549.5567394300141,485.8143928571428,509.5501307880672,10.0,21.08921899153046,47.155793903318795
561,549.6710817460314,485.8143928571428,509.5501307880672,10.0,10.0,47.155793903318795
562,549.6710817460314,485.8143928571428,509.5501307880672,10.0,10.0,47.155793903318795
563,549.6710817460314,485.8143928571428,509.5501307880672,10.0,10.0,47.155793903318795
564,549.6710817460314,485.8143928571428,509.5501307880672,10.0,10.0,47.155793903318795
565,549.6710817460314,485.8143928571428,509.5501307880672,10.0,10.0,47.155793903318795
566,549.6710817460314,485.8143928571428,509.5501307880672,10.0,10.0,47.155793903318795
567,549.6710817460314,485.8143928571428,509.5501307880672,10.0,10.0,47.155793903318795
568,549.6710817460314,485.8143928571428,509.5501307880672,10.0,10.0,47.155793903318795
569,549.6710817460314,485.8143928571428,509.5501307880672,10.0,10.0,47.155793903318795
570,549.6710817460314,485.8143928571428,509.5501307880672,10.0,10.0,47.155793903318795
571,549.6710817460314,485.8143928571428,509.5501307880672,10.0,10.0,47.155793903318795
572,549.6710817460314,485.8143928571428,509.5501307880672,10.0,10.0,47.155793903318795
573,549.6710817460314,485.8143928571428,509.5501307880672,10.0,10.0,47.155793903318795
574,549.6710817460314,485.8143928571428,509.5501307880672,10.0,10.0,47.155793903318795
575,549.6710817460314,485.8143928571428,509.5501307880672,10.0,10.0,47.155793903318795
576,549.6710817460314,485.8143928571428,509.5501307880672,10.0,10.0,47.155793903318795
577,549.6710817460314,485.8143928571428,509.5501307880672,10.0,10.0,47.155793903318795
578,549.6710817460314,485.8143928571428,509.5501307880672,10.0,10.0,47.155793903318795
579,549.6710817460314,485.8143928571428,509.5501307880672,10.0,10.0,47.155793903318795
580,549.6710817460314,485.8143928571428,509.5501307880672,10.0,10.0,47.155793903318795
581,549.6710817460314,485.8143928571428,509.5501307880672,10.0,10.0,47.155793903318795
582,549.6710817460314,485.8143928571428,509.5501307880672,10.0,10.0,47.155793903318795
583,549.6710817460314,485.8143928571428,509.5501307880672,10.0,10.0,47.155793903318795
584,549.6710817460314,485.8143928571428,509.5501307880672,10.0,10.0,47.155793903318795
585,549.6710817460314,485.8143928571428,509.5501307880672,10.0,10.0,47.155793903318795
586,549.6710817460314,485.8143928571428,509.5501307880672,10.0,10.0,47.155793903318795
587,549.6710817460314,485.8143928571428,509.5501307880672,10.0,10.0,47.155793903318795
588,549.6710817460314,485.8143928571428,509.5501307880672,10.0,10.0,47.155793903318795
589,549.6710817460314,485.8143928571428,509.5501307880672,10.0,10.0,47.155793903318795
590,549.6710817460314,485.8143928571428,509.5501307880672,10.0,10.0,47.155793903318795
591,549.6710817460314,485.8143928571428,509.5501307880672,10.0,10.0,47.155793903318795
592,549.6710817460314,485.8143928571428,509.5501307880672,10.0,10.0,47.155793903318795
593,549.6710817460314,485.8143928571428,509.5501307880672,10.0,10.0,47.155793903318795
594,549.6710817460314,485.8143928571428,509.5501307880672,10.0,10.0,47.155793903318795
595,549.6710817460314,485.8143928571428,509.5501307880672,10.0,10.0,47.155793903318795
596,549.6710817460314,485.8143928571428,509.5501307880672,10.0,10.0,47.155793903318795
597,549.6710817460314,485.8143928571428,509.5501307880672,10.0,10.0,47.155793903318795
598,549.6710817460314,485.8143928571428,509.5501307880672,10.0,10.0,47.155793903318795
599,549.6710817460314,485.8143928571428,509.5501307880672,10.0,10.0,47.155793903318795
600,549.6710817460314,485.8143928571428,509.5501307880672,10.0,10.0,47.155793903318795
601,549.6710817460314,485.8143928571428,509.5501307880672,10.0,10.0,47.155793903318795
602,549.6710817460314,485.8143928571428,509.5501307880672,10.0,10.0,47.155793903318795
603,549.6710817460314,485.8143928571428,509.5501307880672,10.0,10.0,47.155793903318795
604,549.6710817460314,485.8143928571428,509.5501307880672,10.0,10.0,47.155793903318795
605,549.6710817460314,485.8143928571428,509.5501307880672,10.0,10.0,47.155793903318795
606,549.6710817460314,485.8143928571428,509.5501307880672,10.0,10.0,47.155793903318795
607,549.6710817460314,485.8143928571428,509.5501307880672,10.0,10.0,47.155793903318795
608,549.6710817460314,485.8143928571428,509.5501307880672,10.0,10.0,47.155793903318795
609,549.6710817460314,485.8143928571428,509.5501307880672,10.0,10.0,47.155793903318795
610,549.6710817460314,485.8143928571428,509.5501307880672,10.0,10.0,47.155793903318795
611,549.6710817460314,485.8143928571428,509.5501307880672,10.0,10.0,47.155793903318795
612,549.6710817460314,485.8143928571428,509.5501307880672,10.0,10.0,47.155793903318795
613,549.6710817460314,485.8143928571428,509.5501307880672,10.0,10.0,47.155793903318795
614,549.6710817460314,485.8143928571428,509.5501307880672,10.0,10.0,47.155793903318795
615,549.6710817460314,485.8143928571428,509.5501307880672,10.0,10.0,47.155793903318795
616,549.6710817460314,485.8143928571428,509.5501307880672,10.0,10.0,47.155793903318795
617,549.6710817460314,485.8143928571428,509.5501307880672,10.0,10.0,47.155793903318795
618,549.6710817460314,485.8143928571428,509.5501307880672,10.0,10.0,47.155793903318795
619,549.6710817460314,485.8143928571428,509.5501307880672,10.0,10.0,47.155793903318795
620,549.6710817460314,485.8143928571428,509.5501307880672,10.0,10.0,47.155793903318795
621,549.6710817460314,485.8143928571428,509.5501307880672,10.0,10.0,47.155793903318795
622,549.6710817460314,485.8143928571428,509.5501307880672,10.0,10.0,47.155793903318795
623,549.6710817460314,485.8143928571428,509.5501307880672,10.0,10.0,47.155793903318795
624,549.6710817460314,485.8143928571428,509.5501307880672,10.0,10.0,47.155793903318795
625,549.6710817460314,485.8143928571428,509.5501307880672,10.0,10.0,47.155793903318795
626,549.6710817460314,485.8143928571428,509.5501307880672,10.0,10.0,47.155793903318795
627,549.6710817460314,485.8143928571428,509.5501307880672,10.0,10.0,47.155793903318795
628,549.6710817460314,485.8143928571428,509.5501307880672,10.0,10.0,47.155793903318795
629,549.6710817460314,485.8143928571428,509.5501307880672,10.0,10.0,47.155793903318795
630,549.6710817460314,485.8143928571428,509.5501307880672,10.0,10.0,47.155793903318795
631,549.6710817460314,485.8143928571428,509.5501307880672,10.0,10.0,47.155793903318795
632,549.6710817460314,485.8143928571428,509.5501307880672,10.0,10.0,47.155793903318795
633,549.6710817460314,485.8143928571428,509.5501307880672,10.0,10.0,47.155793903318795
634,549.6710817460314,485.8143928571428,509.5501307880672,10.0,10.0,47.155793903318795
635,549.6710817460314,485.8143928571428,509.5501307880672,10.0,10.0,47.155793903318795
636,549.6710817460314,485.8143928571428,509.5501307880672,10.0,10.0,47.155793903318795
637,549.6710817460314,485.8143928571428,509.5501307880672,10.0,10.0,47.155793903318795
638,549.6710817460314,485.8143928571428,509.5501307880672,10.0,10.0,47.155793903318795
639,549.6710817460314,485.8143928571428,509.5501307880672,10.0,10.0,47.155793903318795
640,549.6710817460314,485.8143928571428,509.5501307880672,10.0,10.0,47.155793903318795
641,549.6710817460314,485.8143928571428,509.5501307880672,10.0,10.0,47.155793903318795
642,549.6710817460314,485.8143928571428,509.5501307880672,10.0,10.0,47.155793903318795
643,549.6710817460314,485.8143928571428,509.5501307880672,10.0,10.0,47.155793903318795
644,549.6710817460314,485.8143928571428,509.5501307880672,10.0,10.0,47.155793903318795
645,549.6710817460314,485.8143928571428,509.5501307880672,10.0,10.0,47.155793903318795
646,549.6710817460314,485.8143928571428,509.5501307880672,10.0,10.0,47.155793903318795
647,549.6710817460314,485.8143928571428,509.5501307880672,10.0,10.0,47.155793903318795
648,549.6710817460314,485.8143928571428,509.5501307880672,10.0,10.0,47.155793903318795
649,549.6710817460314,485.8143928571428,509.5501307880672,10.0,10.0,47.155793903318795
650,549.6710817460314,485.8143928571428,509.5501307880672,10.0,10.0,47.155793903318795
651,549.6710817460314,485.8143928571428,509.5501307880672,10.0,10.0,47.155793903318795
652,549.6710817460314,485.8143928571428,509.5501307880672,10.0,10.0,47.155793903318795
653,549.6710817460314,485.8143928571428,509.5501307880672,10.0,10.0,47.155793903318795
654,549.6710817460314,485.8143928571428,509.5501307880672,10.0,10.0,47.155793903318795
655,549.6710817460314,485.8143928571428,509.5501307880672,10.0,10.0,47.155793903318795
656,549.6710817460314,485.8143928571428,509.5501307880672,10.0,10.0,47.155793903318795
657,549.6710817460314,485.8143928571428,509.5501307880672,10.0,10.0,47.155793903318795
658,549.6710817460314,485.8143928571428,509.5501307880672,10.0,10.0,47.155793903318795
659,549.6710817460314,485.8143928571428,509.5501307880672,10.0,10.0,47.155793903318795
660,549.6710817460314,485.8143928571428,509.5501307880672,10.0,10.0,47.155793903318795
661,549.6710817460314,485.8143928571428,509.5501307880672,10.0,10.0,47.155793903318795
662,549.6710817460314,485.8143928571428,509.5501307880672,10.0,10.0,47.155793903318795
663,549.6710817460314,485.8143928571428,509.5501307880672,10.0,10.0,47.155793903318795
664,549.6710817460314,485.8143928571428,509.5501307880672,10.0,10.0,47.155793903318795
665,549.6710817460314,485.8143928571428,509.5501307880672,10.0,10.0,47.155793903318795
666,549.6710817460314,485.8143928571428,509.5501307880672,10.0,10.0,47.155793903318795
667,549.6710817460314,485.8143928571428,509.5501307880672,10.0,10.0,47.155793903318795
668,549.6710817460314,485.8143928571428,509.5501307880672,10.0,10.0,47.155793903318795
669,549.6710817460314,485.8143928571428,509.5501307880672,10.0,10.0,47.155793903318795
670,549.6710817460314,485.8143928571428,509.5501307880672,10.0,10.0,47.155793903318795
671,549.6710817460314,485.8143928571428,509.5501307880672,10.0,10.0,47.155793903318795
672,549.6710817460314,485.8143928571428,509.5501307880672,10.0,10.0,47.155793903318795
673,549.6710817460314,485.8143928571428,509.5501307880672,10.0,10.0,47.155793903318795
674,549.6710817460314,485.8143928571428,509.5501307880672,10.0,10.0,47.155793903318795
675,549.6710817460314,485.8143928571428,509.5501307880672,10.0,10.0,47.155793903318795
676,549.6710817460314,485.8143928571428,509.5501307880672,10.0,10.0,47.155793903318795
677,549.6710817460314,485.8143928571428,509.5501307880672,10.0,10.0,47.155793903318795
678,549.6710817460314,485.8143928571428,509.5501307880672,10.0,10.0,47.155793903318795
679,549.6710817460314,485.8143928571428,509.5501307880672,10.0,10.0,47.155793903318795
680,549.6710817460314,485.8143928571428,509.5501307880672,10.0,10.0,47.155793903318795
681,549.6710817460314,485.8143928571428,509.5501307880672,10.0,10.0,47.155793903318795
682,549.6710817460314,485.8143928571428,509.5501307880672,10.0,10.0,47.155793903318795
683,549.6710817460314,485.8143928571428,509.5501307880672,10.0,10.0,47.155793903318795
684,549.6710817460314,485.8143928571428,509.5501307880672,10.0,10.0,47.155793903318795
685,549.6710817460314,485.8143928571428,509.5501307880672,10.0,10.0,47.155793903318795
686,549.6710817460314,485.8143928571428,509.5501307880672,10.0,10.0,47.155793903318795
687,549.6710817460314,485.8143928571428,509.5501307880672,10.0,10.0,47.155793903318795
688,549.6710817460314,485.8143928571428,509.5501307880672,10.0,10.0,47.155793903318795
689,549.6710817460314,485.8143928571428,509.5501307880672,10.0,10.0,47.155793903318795
690,549.6710817460314,515.167855555556,509.5501307880672,39.35346269841318,10.0,47.155793903318795
691,549.6710817460314,515.167855555556,509.5501307880672,39.35346269841318,10.0,47.155793903318795
692,549.6710817460314,515.167855555556,509.5501307880672,10.0,10.0,47.155793903318795
693,549.6710817460314,515.167855555556,509.5501307880672,10.0,10.0,47.155793903318795
694,549.6710817460314,515.167855555556,509.5501307880672,10.0,10.0,47.155793903318795
695,549.6710817460314,515.167855555556,509.5501307880672,10.0,10.0,47.155793903318795
696,549.6710817460314,515.167855555556,509.5501307880672,10.0,10.0,47.155793903318795
697,549.6710817460314,515.167855555556,509.5501307880672,10.0,10.0,47.155793903318795
698,549.6710817460314,515.167855555556,509.5501307880672,10.0,10.0,47.155793903318795
699,549.6710817460314,515.167855555556,509.5501307880672,10.0,10.0,47.155793903318795
700,549.6710817460314,515.167855555556,509.5501307880672,10.0,10.0,47.155793903318795
701,549.6710817460314,515.167855555556,509.5501307880672,10.0,10.0,47.155793903318795
702,549.6710817460314,515.167855555556,509.5501307880672,10.0,10.0,47.155793903318795
703,549.6710817460314,515.167855555556,509.5501307880672,10.0,10.0,47.155793903318795
704,549.6710817460314,515.167855555556,509.5501307880672,10.0,10.0,47.155793903318795
705,549.6710817460314,515.167855555556,509.5501307880672,10.0,10.0,47.155793903318795
706,549.6710817460314,515.167855555556,509.5501307880672,10.0,10.0,47.155793903318795
707,549.6710817460314,515.167855555556,509.5501307880672,10.0,10.0,47.155793903318795
708,549.6710817460314,515.167855555556,509.5501307880672,10.0,10.0,47.155793903318795
709,549.6710817460314,515.167855555556,509.5501307880672,10.0,10.0,47.155793903318795
710,549.6710817460314,515.167855555556,509.5501307880672,10.0,10.0,47.155793903318795
711,549.6710817460314,515.167855555556,509.5501307880672,10.0,10.0,47.155793903318795
712,549.6710817460314,515.167855555556,509.5501307880672,10.0,10.0,47.155793903318795
713,549.6710817460314,515.167855555556,509.5501307880672,10.0,10.0,47.155793903318795
714,549.6710817460314,515.167855555556,509.5501307880672,10.0,10.0,47.155793903318795
715,549.6710817460314,515.167855555556,509.5501307880672,10.0,10.0,47.155793903318795
716,549.6710817460314,515.167855555556,509.5501307880672,10.0,10.0,47.155793903318795
717,549.6710817460314,515.167855555556,509.5501307880672,10.0,10.0,47.155793903318795
718,549.6710817460314,515.167855555556,509.5501307880672,10.0,10.0,47.155793903318795
719,549.6710817460314,515.167855555556,509.5501307880672,10.0,10.0,47.155793903318795
720,549.6710817460314,515.167855555556,509.5501307880672,10.0,10.0,47.155793903318795
721,549.6710817460314,515.167855555556,509.5501307880672,10.0,10.0,47.155793903318795
722,549.6710817460314,515.167855555556,509.5501307880672,10.0,10.0,47.155793903318795
723,549.6710817460314,515.167855555556,509.5501307880672,10.0,10.0,47.155793903318795
724,549.6710817460314,515.167855555556,509.5501307880672,10.0,10.0,47.155793903318795
725,549.6710817460314,515.167855555556,509.5501307880672,10.0,10.0,47.155793903318795
726,549.6710817460314,515.167855555556,509.5501307880672,10.0,10.0,47.155793903318795
727,549.6710817460314,515.167855555556,509.5501307880672,10.0,10.0,47.155793903318795
728,549.6710817460314,515.167855555556,509.5501307880672,10.0,10.0,47.155793903318795
729,549.6710817460314,515.167855555556,509.5501307880672,10.0,10.0,47.155793903318795
730,549.6710817460314,515.167855555556,509.5501307880672,10.0,10.0,47.155793903318795
731,549.6710817460314,515.167855555556,509.5501307880672,10.0,10.0,47.155793903318795
732,549.6710817460314,515.167855555556,509.5501307880672,10.0,10.0,47.155793903318795
733,549.6710817460314,515.167855555556,509.5501307880672,10.0,10.0,47.155793903318795
734,549.6710817460314,515.167855555556,509.5501307880672,10.0,10.0,47.155793903318795
735,549.6710817460314,515.167855555556,509.5501307880672,10.0,10.0,47.155793903318795
736,549.6710817460314,515.167855555556,509.5501307880672,10.0,10.0,47.155793903318795
737,549.6710817460314,515.167855555556,509.5501307880672,10.0,10.0,47.155793903318795
738,549.6710817460314,515.167855555556,509.5501307880672,10.0,10.0,47.155793903318795
739,549.6710817460314,515.167855555556,509.5501307880672,10.0,10.0,47.155793903318795
740,549.6710817460314,515.167855555556,509.5501307880672,10.0,10.0,47.155793903318795
741,549.6710817460314,515.167855555556,509.5501307880672,10.0,10.0,47.155793903318795
742,549.6710817460314,515.167855555556,509.5501307880672,10.0,10.0,47.155793903318795
743,549.6710817460314,515.167855555556,509.5501307880672,10.0,10.0,47.155793903318795
744,549.6710817460314,515.167855555556,509.5501307880672,10.0,10.0,47.155793903318795
745,549.6710817460314,515.167855555556,509.5501307880672,10.0,10.0,47.155793903318795
746,549.6710817460314,515.167855555556,509.5501307880672,10.0,10.0,47.155793903318795
747,549.6710817460314,515.167855555556,509.5501307880672,10.0,10.0,47.155793903318795
748,549.6710817460314,515.167855555556,509.5501307880672,10.0,10.0,47.155793903318795
749,549.6710817460314,515.167855555556,509.5501307880672,10.0,10.0,47.155793903318795
750,549.6710817460314,515.167855555556,509.5501307880672,10.0,10.0,47.155793903318795
751,549.6710817460314,515.167855555556,509.5501307880672,10.0,10.0,47.155793903318795
752,529.176550946276,618.5732833333335,509.5501307880672,113.4054277777775,10.0,47.155793903318795
753,529.176550946276,618.5732833333335,509.5501307880672,113.4054277777775,10.0,47.155793903318795
754,529.176550946276,618.5732833333335,509.5501307880672,113.4054277777775,10.0,10.0
755,529.176550946276,618.5732833333335,509.5501307880672,113.4054277777775,10.0,10.0
756,529.176550946276,618.5732833333335,509.5501307880672,113.4054277777775,10.0,10.0
757,529.176550946276,618.5732833333335,509.5501307880672,113.4054277777775,10.0,10.0
758,529.176550946276,618.5732833333335,509.5501307880672,113.4054277777775,10.0,10.0
759,529.176550946276,618.5732833333335,509.5501307880672,113.4054277777775,10.0,10.0
760,529.176550946276,618.5732833333335,509.5501307880672,113.4054277777775,10.0,10.0
761,529.176550946276,618.5732833333335,509.5501307880672,113.4054277777775,10.0,10.0
762,529.176550946276,618.5732833333335,509.5501307880672,113.4054277777775,10.0,10.0
763,529.176550946276,618.5732833333335,509.5501307880672,113.4054277777775,10.0,10.0
764,529.176550946276,618.5732833333335,509.5501307880672,113.4054277777775,10.0,10.0
765,529.176550946276,618.5732833333335,509.5501307880672,113.4054277777775,10.0,10.0
766,529.176550946276,618.5732833333335,509.5501307880672,113.4054277777775,10.0,10.0
767,529.176550946276,618.5732833333335,509.5501307880672,113.4054277777775,10.0,10.0
768,529.176550946276,618.5732833333335,509.5501307880672,113.4054277777775,10.0,10.0
769,529.176550946276,618.5732833333335,509.5501307880672,113.4054277777775,10.0,10.0
770,529.176550946276,618.5732833333335,509.5501307880672,113.4054277777775,10.0,10.0
771,529.176550946276,618.5732833333335,509.5501307880672,113.4054277777775,10.0,10.0
772,529.176550946276,618.5732833333335,509.5501307880672,113.4054277777775,10.0,10.0
773,529.176550946276,618.5732833333335,509.5501307880672,113.4054277777775,10.0,10.0
774,529.176550946276,618.5732833333335,509.5501307880672,113.4054277777775,10.0,10.0
775,529.176550946276,618.5732833333335,509.5501307880672,113.4054277777775,10.0,10.0
776,529.176550946276,618.5732833333335,509.5501307880672,113.4054277777775,10.0,10.0
777,529.176550946276,618.5732833333335,509.5501307880672,113.4054277777775,10.0,10.0
778,529.176550946276,618.5732833333335,509.5501307880672,113.4054277777775,10.0,10.0
779,529.176550946276,618.5732833333335,509.5501307880672,113.4054277777775,10.0,10.0
780,529.176550946276,618.5732833333335,509.5501307880672,113.4054277777775,10.0,10.0
781,529.176550946276,618.5732833333335,509.5501307880672,113.4054277777775,10.0,10.0
782,529.176550946276,618.5732833333335,509.5501307880672,113.4054277777775,10.0,10.0
783,529.176550946276,618.5732833333335,509.5501307880672,113.4054277777775,10.0,10.0
784,529.176550946276,618.5732833333335,509.5501307880672,113.4054277777775,10.0,10.0
785,529.176550946276,618.5732833333335,509.5501307880672,113.4054277777775,10.0,10.0
786,529.176550946276,618.5732833333335,509.5501307880672,113.4054277777775,10.0,10.0
787,529.176550946276,618.5732833333335,509.5501307880672,113.4054277777775,10.0,10.0
788,529.176550946276,618.5732833333335,509.5501307880672,113.4054277777775,10.0,10.0
789,529.176550946276,618.5732833333335,509.5501307880672,113.4054277777775,10.0,10.0
790,529.176550946276,618.5732833333335,509.5501307880672,113.4054277777775,10.0,10.0
791,529.176550946276,618.5732833333335,509.5501307880672,113.4054277777775,10.0,10.0
792,529.176550946276,618.5732833333335,509.5501307880672,113.4054277777775,10.0,10.0
793,529.176550946276,618.5732833333335,509.5501307880672,113.4054277777775,10.0,10.0
794,529.176550946276,618.5732833333335,509.5501307880672,113.4054277777775,10.0,10.0
795,529.176550946276,618.5732833333335,509.5501307880672,113.4054277777775,10.0,10.0
796,529.176550946276,618.5732833333335,509.5501307880672,113.4054277777775,10.0,10.0
797,529.176550946276,618.5732833333335,509.5501307880672,113.4054277777775,10.0,10.0
798,529.176550946276,618.5732833333335,509.5501307880672,113.4054277777775,10.0,10.0
799,529.176550946276,618.5732833333335,509.5501307880672,113.4054277777775,10.0,10.0
800,529.176550946276,618.5732833333335,509.5501307880672,113.4054277777775,10.0,10.0
801,529.176550946276,618.5732833333335,509.5501307880672,113.4054277777775,10.0,10.0
802,529.176550946276,618.5732833333335,509.5501307880672,113.4054277777775,10.0,10.0
803,529.176550946276,618.5732833333335,509.5501307880672,113.4054277777775,10.0,10.0
804,529.176550946276,618.5732833333335,509.5501307880672,113.4054277777775,10.0,10.0
805,529.176550946276,618.5732833333335,509.5501307880672,113.4054277777775,10.0,10.0
806,529.176550946276,618.5732833333335,509.5501307880672,113.4054277777775,10.0,10.0
807,529.176550946276,618.5732833333335,509.5501307880672,113.4054277777775,10.0,10.0
808,529.176550946276,618.5732833333335,509.5501307880672,113.4054277777775,10.0,10.0
809,529.176550946276,618.5732833333335,509.5501307880672,113.4054277777775,10.0,10.0
810,529.176550946276,618.5732833333335,509.5501307880672,113.4054277777775,10.0,10.0
811,529.176550946276,618.5732833333335,509.5501307880672,113.4054277777775,10.0,10.0
812,529.176550946276,618.5732833333335,509.5501307880672,113.4054277777775,10.0,10.0
813,529.176550946276,618.5732833333335,509.5501307880672,113.4054277777775,10.0,10.0
814,529.176550946276,618.5732833333335,509.5501307880672,113.4054277777775,10.0,10.0
815,529.176550946276,618.5732833333335,509.5501307880672,113.4054277777775,10.0,10.0
816,529.176550946276,618.5732833333335,509.5501307880672,113.4054277777775,10.0,10.0
817,529.176550946276,618.5732833333335,509.5501307880672,113.4054277777775,10.0,10.0
818,529.176550946276,618.5732833333335,509.5501307880672,113.4054277777775,10.0,10.0
819,529.176550946276,618.5732833333335,509.5501307880672,113.4054277777775,10.0,10.0
820,529.176550946276,618.5732833333335,509.5501307880672,113.4054277777775,10.0,10.0
821,529.176550946276,618.5732833333335,509.5501307880672,113.4054277777775,10.0,10.0
822,529.176550946276,618.5732833333335,509.5501307880672,113.4054277777775,10.0,10.0
823,529.176550946276,618.5732833333335,509.5501307880672,113.4054277777775,10.0,10.0
824,529.176550946276,618.5732833333335,509.5501307880672,113.4054277777775,10.0,10.0
825,529.176550946276,618.5732833333335,509.5501307880672,113.4054277777775,10.0,10.0
826,529.176550946276,618.5732833333335,509.5501307880672,113.4054277777775,10.0,10.0
827,529.176550946276,618.5732833333335,509.5501307880672,113.4054277777775,10.0,10.0
828,529.176550946276,618.5732833333335,509.5501307880672,113.4054277777775,10.0,10.0
829,529.176550946276,618.5732833333335,509.5501307880672,113.4054277777775,10.0,10.0
830,529.176550946276,618.5732833333335,509.5501307880672,113.4054277777775,10.0,10.0
831,529.176550946276,610.5421416666671,509.5501307880672,113.4054277777775,10.0,10.0
832,529.176550946276,610.5421416666671,509.5501307880672,113.4054277777775,10.0,10.0
833,529.176550946276,584.1034583333338,511.17715357142885,113.4054277777775,11.627022783361667,10.0
834,529.176550946276,584.1034583333338,511.17715357142885,113.4054277777775,11.627022783361667,10.0
835,529.176550946276,584.1034583333338,511.17715357142885,113.4054277777775,10.0,10.0
836,529.176550946276,584.1034583333338,511.17715357142885,113.4054277777775,10.0,10.0
837,529.176550946276,584.1034583333338,511.17715357142885,113.4054277777775,10.0,10.0
838,529.176550946276,584.1034583333338,511.17715357142885,113.4054277777775,10.0,10.0
839,529.176550946276,584.0660833333338,536.3501202741703,113.4054277777775,35.17296670274146,10.0
840,529.176550946276,584.0660833333338,536.3501202741703,113.4054277777775,35.17296670274146,10.0
841,529.176550946276,584.0660833333338,536.3501202741703,113.4054277777775,35.17296670274146,10.0
842,529.176550946276,584.0660833333338,536.3501202741703,113.4054277777775,35.17296670274146,10.0
843,529.176550946276,584.0660833333338,536.3501202741703,113.4054277777775,10.0,10.0
844,529.176550946276,584.0660833333338,536.3501202741703,113.4054277777775,10.0,10.0
845,529.176550946276,584.0660833333338,536.3643202741703,113.4054277777775,10.01419999999996,10.0
846,529.176550946276,584.0660833333338,536.3643202741703,113.4054277777775,10.01419999999996,10.0
847,529.176550946276,584.0660833333338,536.3643202741703,113.4054277777775,10.0,10.0
848,529.176550946276,584.0660833333338,536.3643202741703,113.4054277777775,10.0,10.0
849,529.176550946276,584.0660833333338,536.3643202741703,113.4054277777775,10.0,10.0
850,529.176550946276,584.0660833333338,536.3643202741703,113.4054277777775,10.0,10.0
851,529.176550946276,584.0660833333338,536.3643202741703,113.4054277777775,10.0,10.0
852,529.176550946276,584.0660833333338,536.3643202741703,113.4054277777775,10.0,10.0
853,529.176550946276,584.0660833333338,536.3643202741703,113.4054277777775,10.0,10.0
854,529.176550946276,584.0660833333338,536.3643202741703,113.4054277777775,10.0,10.0
855,529.176550946276,584.0660833333338,536.3643202741703,113.4054277777775,10.0,10.0
856,529.176550946276,584.0660833333338,536.3643202741703,113.4054277777775,10.0,10.0
857,529.176550946276,584.0660833333338,536.3643202741703,113.4054277777775,10.0,10.0
858,529.176550946276,584.0660833333338,536.3643202741703,113.4054277777775,10.0,10.0
859,529.176550946276,584.0660833333338,536.3643202741703,113.4054277777775,10.0,10.0
860,529.176550946276,584.0660833333338,536.3643202741703,113.4054277777775,10.0,10.0
861,529.176550946276,584.0660833333338,536.3643202741703,113.4054277777775,10.0,10.0
862,529.176550946276,584.0660833333338,536.3643202741703,113.4054277777775,10.0,10.0
863,529.176550946276,584.0660833333338,536.3643202741703,113.4054277777775,10.0,10.0
864,529.176550946276,584.0660833333338,536.3643202741703,113.4054277777775,10.0,10.0
865,529.176550946276,584.0660833333338,536.3643202741703,113.4054277777775,10.0,10.0
866,529.176550946276,584.0660833333338,536.3643202741703,113.4054277777775,10.0,10.0
867,529.176550946276,584.0660833333338,536.3643202741703,113.4054277777775,10.0,10.0
868,529.176550946276,584.0660833333338,536.3643202741703,113.4054277777775,10.0,10.0
869,529.176550946276,584.0660833333338,536.3643202741703,113.4054277777775,10.0,10.0
870,529.176550946276,584.0660833333338,536.3643202741703,113.4054277777775,10.0,10.0
871,529.176550946276,584.0660833333338,536.3643202741703,113.4054277777775,10.0,10.0
872,529.176550946276,584.0660833333338,536.3643202741703,113.4054277777775,10.0,10.0
873,529.176550946276,584.0660833333338,536.3643202741703,113.4054277777775,10.0,10.0
874,529.176550946276,584.0660833333338,536.3643202741703,113.4054277777775,10.0,10.0
875,529.176550946276,584.0660833333338,536.3643202741703,113.4054277777775,10.0,10.0
876,529.176550946276,584.0660833333338,536.3643202741703,113.4054277777775,10.0,10.0
877,529.176550946276,584.0660833333338,536.3643202741703,113.4054277777775,10.0,10.0
878,529.176550946276,584.0660833333338,536.3643202741703,113.4054277777775,10.0,10.0
879,529.176550946276,601.5476000000006,513.7426347041849,113.4054277777775,-12.621685569985402,10.0
880,529.176550946276,601.5476000000006,513.7426347041849,113.4054277777775,-12.621685569985402,10.0
881,529.176550946276,601.5476000000006,513.7426347041849,113.4054277777775,10.0,10.0
882,529.176550946276,601.5476000000006,513.7426347041849,113.4054277777775,10.0,10.0
883,529.176550946276,601.5476000000006,513.7426347041849,113.4054277777775,10.0,10.0
884,529.176550946276,601.5476000000006,513.7426347041849,113.4054277777775,10.0,10.0
885,529.176550946276,601.5476000000006,513.7426347041849,113.4054277777775,10.0,10.0
886,529.176550946276,601.5476000000006,513.7426347041849,113.4054277777775,10.0,10.0
887,529.176550946276,601.5476000000006,513.7426347041849,113.4054277777775,10.0,10.0
888,529.176550946276,601.5476000000006,513.7426347041849,113.4054277777775,10.0,10.0
889,529.176550946276,601.5476000000006,513.7426347041849,113.4054277777775,10.0,10.0
890,549.6710817460314,521.046531529581,513.7426347041849,113.4054277777775,10.0,30.494530799755353
891,549.6710817460314,521.046531529581,513.7426347041849,10.0,10.0,30.494530799755353
892,549.6710817460314,521.046531529581,513.7426347041849,10.0,10.0,30.494530799755353
893,549.6710817460314,521.046531529581,513.7426347041849,10.0,10.0,30.494530799755353
894,549.6710817460314,521.046531529581,513.7426347041849,10.0,10.0,30.494530799755353
895,549.6710817460314,521.046531529581,513.7426347041849,10.0,10.0,30.494530799755353
896,549.6710817460314,521.046531529581,513.7426347041849,10.0,10.0,30.494530799755353
897,549.6710817460314,521.046531529581,513.7426347041849,10.0,10.0,30.494530799755353
898,549.6710817460314,521.046531529581,513.7426347041849,10.0,10.0,30.494530799755353
899,549.6710817460314,521.046531529581,513.7426347041849,10.0,10.0,30.494530799755353
900,549.6710817460314,521.046531529581,513.7426347041849,10.0,10.0,30.494530799755353
901,549.6710817460314,521.046531529581,513.7426347041849,10.0,10.0,30.494530799755353
902,549.6710817460314,521.046531529581,513.7426347041849,10.0,10.0,30.494530799755353
903,549.6710817460314,521.046531529581,513.7426347041849,10.0,10.0,30.494530799755353
904,549.6710817460314,521.046531529581,513.7426347041849,10.0,10.0,30.494530799755353
905,549.6710817460314,521.046531529581,513.7426347041849,10.0,10.0,30.494530799755353
906,549.6710817460314,521.046531529581,513.7426347041849,10.0,10.0,30.494530799755353
907,549.6710817460314,521.046531529581,513.7426347041849,10.0,10.0,30.494530799755353
908,549.6710817460314,521.046531529581,513.7426347041849,10.0,10.0,30.494530799755353
909,549.6710817460314,521.046531529581,513.7426347041849,10.0,10.0,30.494530799755353
910,549.6710817460314,521.046531529581,513.7426347041849,10.0,10.0,30.494530799755353
911,549.6710817460314,521.046531529581,513.7426347041849,10.0,10.0,30.494530799755353
912,549.6710817460314,521.046531529581,513.7426347041849,10.0,10.0,30.494530799755353
913,549.6710817460314,521.046531529581,513.7426347041849,10.0,10.0,30.494530799755353
914,549.6710817460314,521.046531529581,513.7426347041849,10.0,10.0,30.494530799755353
915,549.6710817460314,521.046531529581,513.7426347041849,10.0,10.0,30.494530799755353
916,549.6710817460314,521.046531529581,513.7426347041849,10.0,10.0,30.494530799755353
917,549.6710817460314,521.046531529581,513.7426347041849,10.0,10.0,30.494530799755353
918,549.6710817460314,521.046531529581,513.7426347041849,10.0,10.0,30.494530799755353
919,549.6710817460314,521.046531529581,513.7426347041849,10.0,10.0,30.494530799755353
920,549.6710817460314,521.046531529581,513.7426347041849,10.0,10.0,30.494530799755353
921,549.6710817460314,521.046531529581,513.7426347041849,10.0,10.0,30.494530799755353
922,549.6710817460314,521.046531529581,513.7426347041849,10.0,10.0,30.494530799755353
923,549.6710817460314,521.046531529581,513.7426347041849,10.0,10.0,30.494530799755353
924,549.6710817460314,521.046531529581,513.7426347041849,10.0,10.0,30.494530799755353
925,549.6710817460314,521.046531529581,513.7426347041849,10.0,10.0,30.494530799755353
926,549.6710817460314,521.046531529581,513.7426347041849,10.0,10.0,30.494530799755353
927,549.6710817460314,521.046531529581,513.7426347041849,10.0,10.0,30.494530799755353
928,549.6710817460314,521.046531529581,513.7426347041849,10.0,10.0,30.494530799755353
929,549.6710817460314,521.046531529581,513.7426347041849,10.0,10.0,30.494530799755353
930,549.6710817460314,521.046531529581,513.7426347041849,10.0,10.0,30.494530799755353
931,549.6710817460314,521.046531529581,513.7426347041849,10.0,10.0,30.494530799755353
932,549.6710817460314,521.046531529581,513.7426347041849,10.0,10.0,30.494530799755353
933,549.6710817460314,521.046531529581,513.7426347041849,10.0,10.0,30.494530799755353
934,549.6710817460314,521.046531529581,513.7426347041849,10.0,10.0,30.494530799755353
935,549.6710817460314,521.046531529581,513.7426347041849,10.0,10.0,30.494530799755353
936,549.6710817460314,521.046531529581,513.7426347041849,10.0,10.0,30.494530799755353
937,549.6710817460314,521.046531529581,513.7426347041849,10.0,10.0,30.494530799755353
938,549.6710817460314,521.046531529581,513.7426347041849,10.0,10.0,30.494530799755353
939,549.6710817460314,521.046531529581,513.7426347041849,10.0,10.0,30.494530799755353
940,549.6710817460314,521.046531529581,513.7426347041849,10.0,10.0,30.494530799755353
941,549.6710817460314,521.046531529581,513.7426347041849,10.0,10.0,30.494530799755353
942,549.6710817460314,521.046531529581,513.7426347041849,10.0,10.0,30.494530799755353
943,549.6710817460314,521.046531529581,513.7426347041849,10.0,10.0,30.494530799755353
944,549.6710817460314,521.046531529581,513.7426347041849,10.0,10.0,30.494530799755353
945,549.6710817460314,521.046531529581,513.7426347041849,10.0,10.0,30.494530799755353
946,549.6710817460314,521.046531529581,513.7426347041849,10.0,10.0,30.494530799755353
947,549.6710817460314,521.046531529581,513.7426347041849,10.0,10.0,30.494530799755353
948,549.6710817460314,521.046531529581,513.7426347041849,10.0,10.0,30.494530799755353
949,549.6710817460314,521.046531529581,513.7426347041849,10.0,10.0,30.494530799755353
950,549.6710817460314,521.046531529581,513.7426347041849,10.0,10.0,30.494530799755353
951,549.6710817460314,521.046531529581,513.7426347041849,10.0,10.0,30.494530799755353
952,549.6710817460314,521.046531529581,513.7426347041849,10.0,10.0,30.494530799755353
953,549.6710817460314,521.046531529581,513.7426347041849,10.0,10.0,30.494530799755353
954,549.6710817460314,521.046531529581,513.7426347041849,10.0,10.0,30.494530799755353
955,549.6710817460314,521.046531529581,513.7426347041849,10.0,10.0,30.494530799755353
956,549.6710817460314,521.046531529581,513.7426347041849,10.0,10.0,30.494530799755353
957,549.6710817460314,521.046531529581,513.7426347041849,10.0,10.0,30.494530799755353
958,549.6710817460314,521.046531529581,513.7426347041849,10.0,10.0,30.494530799755353
959,515.27241976912,515.167855555556,513.7426347041849,4.121324025975014,10.0,30.494530799755353
960,540.0795810245313,584.0660833333338,513.7426347041849,78.89822777777783,10.0,30.494530799755353
961,540.0795810245313,584.0660833333338,513.7426347041849,78.89822777777783,10.0,10.0
962,540.0795810245313,584.0660833333338,513.7426347041849,78.89822777777783,10.0,10.0
963,540.0795810245313,584.0660833333338,513.7426347041849,78.89822777777783,10.0,10.0
964,540.0795810245313,584.0660833333338,513.7426347041849,78.89822777777783,10.0,10.0
965,540.0795810245313,584.0660833333338,513.7426347041849,78.89822777777783,10.0,10.0
966,540.0795810245313,584.0660833333338,513.7426347041849,78.89822777777783,10.0,10.0
967,540.0795810245313,584.0660833333338,513.7426347041849,78.89822777777783,10.0,10.0
968,540.0795810245313,584.0660833333338,513.7426347041849,78.89822777777783,10.0,10.0
969,540.0795810245313,584.0660833333338,513.7426347041849,78.89822777777783,10.0,10.0
970,540.0795810245313,584.0660833333338,513.7426347041849,78.89822777777783,10.0,10.0
971,540.0795810245313,584.0660833333338,513.7426347041849,78.89822777777783,10.0,10.0
972,540.0795810245313,584.0660833333338,513.7426347041849,78.89822777777783,10.0,10.0
973,515.27241976912,515.167855555556,513.7426347041849,78.89822777777783,10.0,-14.807161255411302
974,515.27241976912,515.167855555556,513.7426347041849,10.0,10.0,-14.807161255411302
975,515.27241976912,515.167855555556,513.7426347041849,10.0,10.0,-14.807161255411302
976,515.27241976912,515.167855555556,513.7426347041849,10.0,10.0,-14.807161255411302
977,515.27241976912,515.167855555556,513.7426347041849,10.0,10.0,-14.807161255411302
978,515.27241976912,515.167855555556,513.7426347041849,10.0,10.0,-14.807161255411302
979,540.0795810245313,584.0660833333338,513.7426347041849,78.89822777777783,10.0,-14.807161255411302
980,540.0795810245313,584.0660833333338,513.7426347041849,78.89822777777783,10.0,10.0
981,540.0795810245313,584.0660833333338,513.7426347041849,78.89822777777783,10.0,10.0
982,540.0795810245313,584.0660833333338,513.7426347041849,78.89822777777783,10.0,10.0
983,540.0795810245313,584.0660833333338,513.7426347041849,78.89822777777783,10.0,10.0
984,540.0795810245313,584.0660833333338,513.7426347041849,78.89822777777783,10.0,10.0
985,515.27241976912,515.167855555556,513.7426347041849,78.89822777777783,10.0,-14.807161255411302
986,515.27241976912,515.167855555556,513.7426347041849,10.0,10.0,-14.807161255411302
987,515.27241976912,515.167855555556,513.7426347041849,10.0,10.0,-14.807161255411302
988,515.27241976912,515.167855555556,513.7426347041849,10.0,10.0,-14.807161255411302
989,515.27241976912,515.167855555556,513.7426347041849,10.0,10.0,-14.807161255411302
990,515.27241976912,515.167855555556,513.7426347041849,10.0,10.0,-14.807161255411302
991,515.27241976912,515.167855555556,513.7426347041849,10.0,10.0,-14.807161255411302
992,515.27241976912,515.167855555556,513.7426347041849,10.0,10.0,-14.807161255411302
993,515.27241976912,515.167855555556,513.7426347041849,10.0,10.0,-14.807161255411302
994,540.0795810245313,584.0660833333338,513.7426347041849,78.89822777777783,10.0,-14.807161255411302
995,540.0795810245313,584.0660833333338,513.7426347041849,78.89822777777783,10.0,10.0
996,540.0795810245313,584.0660833333338,513.7426347041849,78.89822777777783,10.0,10.0
997,540.0795810245313,584.0660833333338,513.7426347041849,78.89822777777783,10.0,10.0
998,540.0795810245313,584.0660833333338,513.7426347041849,78.89822777777783,10.0,10.0
999,540.0795810245313,584.0660833333338,513.7426347041849,78.89822777777783,10.0,10.0
1000,540.0795810245313,584.0660833333338,513.7426347041849,78.89822777777783,10.0,10.0
1001,540.0795810245313,584.0660833333338,513.7426347041849,78.89822777777783,10.0,10.0
1002,540.0795810245313,584.0660833333338,513.7426347041849,78.89822777777783,10.0,10.0
1003,540.0795810245313,584.0660833333338,513.7426347041849,78.89822777777783,10.0,10.0
1004,515.27241976912,515.167855555556,513.7426347041849,78.89822777777783,10.0,-14.807161255411302
1005,515.27241976912,515.167855555556,513.7426347041849,10.0,10.0,-14.807161255411302
1006,515.27241976912,515.167855555556,513.7426347041849,10.0,10.0,-14.807161255411302
1007,515.27241976912,515.167855555556,513.7426347041849,10.0,10.0,-14.807161255411302
1008,515.27241976912,515.167855555556,513.7426347041849,10.0,10.0,-14.807161255411302
1009,515.27241976912,515.167855555556,513.7426347041849,10.0,10.0,-14.807161255411302
1010,515.27241976912,515.167855555556,513.7426347041849,10.0,10.0,-14.807161255411302
1011,515.27241976912,515.167855555556,513.7426347041849,10.0,10.0,-14.807161255411302
1012,515.27241976912,515.167855555556,513.7426347041849,10.0,10.0,-14.807161255411302
1013,515.27241976912,515.167855555556,513.7426347041849,10.0,10.0,-14.807161255411302
1014,540.0795810245313,584.0660833333338,513.7426347041849,78.89822777777783,10.0,-14.807161255411302
1015,540.0795810245313,584.0660833333338,513.7426347041849,78.89822777777783,10.0,10.0
1016,540.0795810245313,584.0660833333338,513.7426347041849,78.89822777777783,10.0,10.0
1017,540.0795810245313,584.0660833333338,513.7426347041849,78.89822777777783,10.0,10.0
1018,540.0795810245313,584.0660833333338,513.7426347041849,78.89822777777783,10.0,10.0
1019,540.0795810245313,584.0660833333338,513.7426347041849,78.89822777777783,10.0,10.0
1020,540.0795810245313,584.0660833333338,513.7426347041849,78.89822777777783,10.0,10.0
1021,540.0795810245313,584.0660833333338,513.7426347041849,78.89822777777783,10.0,10.0
1022,515.27241976912,515.167855555556,513.7426347041849,78.89822777777783,10.0,-14.807161255411302
1023,515.27241976912,515.167855555556,513.7426347041849,10.0,10.0,-14.807161255411302
1024,515.27241976912,515.167855555556,513.7426347041849,10.0,10.0,-14.807161255411302
1025,515.27241976912,515.167855555556,513.7426347041849,10.0,10.0,-14.807161255411302
1026,515.27241976912,515.167855555556,513.7426347041849,10.0,10.0,-14.807161255411302
1027,515.27241976912,515.167855555556,513.7426347041849,10.0,10.0,-14.807161255411302
1028,515.27241976912,515.167855555556,513.7426347041849,10.0,10.0,-14.807161255411302
1029,515.27241976912,515.167855555556,513.7426347041849,10.0,10.0,-14.807161255411302
1030,515.27241976912,515.167855555556,513.7426347041849,10.0,10.0,-14.807161255411302
1031,515.27241976912,515.167855555556,513.7426347041849,10.0,10.0,-14.807161255411302
1032,515.27241976912,515.167855555556,513.7426347041849,10.0,10.0,-14.807161255411302
1033,515.27241976912,515.167855555556,513.7426347041849,10.0,10.0,-14.807161255411302
1034,540.0795810245313,584.0660833333338,513.7426347041849,78.89822777777783,10.0,-14.807161255411302
1035,540.0795810245313,584.0660833333338,513.7426347041849,78.89822777777783,10.0,10.0
1036,540.0795810245313,584.0660833333338,513.7426347041849,78.89822777777783,10.0,10.0
1037,540.0795810245313,584.0660833333338,513.7426347041849,78.89822777777783,10.0,10.0
1038,540.0795810245313,584.0660833333338,513.7426347041849,78.89822777777783,10.0,10.0
1039,540.0795810245313,584.0660833333338,513.7426347041849,78.89822777777783,10.0,10.0
1040,540.0795810245313,584.0660833333338,513.7426347041849,78.89822777777783,10.0,10.0
1041,540.0795810245313,584.0660833333338,513.7426347041849,78.89822777777783,10.0,10.0
1042,540.0795810245313,584.0660833333338,513.7426347041849,78.89822777777783,10.0,10.0
1043,540.0795810245313,584.0660833333338,513.7426347041849,78.89822777777783,10.0,10.0
1044,540.0795810245313,584.0660833333338,513.7426347041849,78.89822777777783,10.0,10.0
1045,540.0795810245313,584.0660833333338,513.7426347041849,78.89822777777783,10.0,10.0
1046,515.27241976912,515.167855555556,513.7426347041849,78.89822777777783,10.0,-14.807161255411302
1047,515.27241976912,515.167855555556,513.7426347041849,10.0,10.0,-14.807161255411302
1048,515.27241976912,515.167855555556,513.7426347041849,10.0,10.0,-14.807161255411302
1049,515.27241976912,515.167855555556,513.7426347041849,10.0,10.0,-14.807161255411302
1050,515.27241976912,515.167855555556,513.7426347041849,10.0,10.0,-14.807161255411302
1051,515.27241976912,515.167855555556,513.7426347041849,10.0,10.0,-14.807161255411302
1052,515.27241976912,515.167855555556,513.7426347041849,10.0,10.0,-14.807161255411302
1053,515.27241976912,515.167855555556,513.7426347041849,10.0,10.0,-14.807161255411302
1054,515.27241976912,515.167855555556,513.7426347041849,10.0,10.0,-14.807161255411302
1055,515.27241976912,515.167855555556,513.7426347041849,10.0,10.0,-14.807161255411302
1056,515.27241976912,515.167855555556,513.7426347041849,10.0,10.0,-14.807161255411302
1057,540.0795810245313,584.0660833333338,513.7426347041849,78.89822777777783,10.0,-14.807161255411302
1058,540.0795810245313,584.0660833333338,513.7426347041849,78.89822777777783,10.0,10.0
1059,540.0795810245313,584.0660833333338,513.7426347041849,78.89822777777783,10.0,10.0
1060,540.0795810245313,584.0660833333338,513.7426347041849,78.89822777777783,10.0,10.0
1061,540.0795810245313,584.0660833333338,513.7426347041849,78.89822777777783,10.0,10.0
1062,540.0795810245313,584.0660833333338,513.7426347041849,78.89822777777783,10.0,10.0
1063,540.0795810245313,584.0660833333338,513.7426347041849,78.89822777777783,10.0,10.0
1064,540.0795810245313,584.0660833333338,513.7426347041849,78.89822777777783,10.0,10.0
1065,540.0795810245313,584.0660833333338,513.7426347041849,78.89822777777783,10.0,10.0
1066,540.0795810245313,584.0660833333338,513.7426347041849,78.89822777777783,10.0,10.0
1067,515.27241976912,515.167855555556,513.7426347041849,78.89822777777783,10.0,-14.807161255411302
1068,515.27241976912,515.167855555556,513.7426347041849,10.0,10.0,-14.807161255411302
1069,515.27241976912,515.167855555556,513.7426347041849,10.0,10.0,-14.807161255411302
1070,515.27241976912,515.167855555556,513.7426347041849,10.0,10.0,-14.807161255411302
1071,515.27241976912,515.167855555556,513.7426347041849,10.0,10.0,-14.807161255411302
1072,540.0795810245313,584.0660833333338,513.7426347041849,78.89822777777783,10.0,-14.807161255411302
1073,540.0795810245313,584.0660833333338,513.7426347041849,78.89822777777783,10.0,10.0
1074,540.0795810245313,584.0660833333338,513.7426347041849,78.89822777777783,10.0,10.0
1075,540.0795810245313,584.0660833333338,513.7426347041849,78.89822777777783,10.0,10.0
1076,540.0795810245313,584.0660833333338,513.7426347041849,78.89822777777783,10.0,10.0
1077,540.0795810245313,584.0660833333338,513.7426347041849,78.89822777777783,10.0,10.0
1078,540.0795810245313,584.0660833333338,513.7426347041849,78.89822777777783,10.0,10.0
1079,540.0795810245313,584.0660833333338,513.7426347041849,78.89822777777783,10.0,10.0
1080,515.27241976912,515.167855555556,513.7426347041849,78.89822777777783,10.0,-14.807161255411302
1081,515.27241976912,515.167855555556,513.7426347041849,10.0,10.0,-14.807161255411302
1082,515.27241976912,515.167855555556,513.7426347041849,10.0,10.0,-14.807161255411302
1083,515.27241976912,515.167855555556,513.7426347041849,10.0,10.0,-14.807161255411302
1084,515.27241976912,515.167855555556,513.7426347041849,10.0,10.0,-14.807161255411302
1085,515.27241976912,515.167855555556,513.7426347041849,10.0,10.0,-14.807161255411302
1086,515.27241976912,515.167855555556,513.7426347041849,10.0,10.0,-14.807161255411302
1087,515.27241976912,515.167855555556,513.7426347041849,10.0,10.0,-14.807161255411302
1088,515.27241976912,515.167855555556,513.7426347041849,10.0,10.0,-14.807161255411302
1089,515.27241976912,515.167855555556,513.7426347041849,10.0,10.0,-14.807161255411302
1090,515.27241976912,515.167855555556,513.7426347041849,10.0,10.0,-14.807161255411302
1091,540.0795810245313,584.0660833333338,513.7426347041849,78.89822777777783,10.0,-14.807161255411302
1092,540.0795810245313,584.0660833333338,513.7426347041849,78.89822777777783,10.0,10.0
1093,540.0795810245313,584.0660833333338,513.7426347041849,78.89822777777783,10.0,10.0
1094,540.0795810245313,584.0660833333338,513.7426347041849,78.89822777777783,10.0,10.0
1095,540.0795810245313,584.0660833333338,513.7426347041849,78.89822777777783,10.0,10.0
1096,540.0795810245313,584.0660833333338,513.7426347041849,78.89822777777783,10.0,10.0
1097,540.0795810245313,584.0660833333338,513.7426347041849,78.89822777777783,10.0,10.0
1098,540.0795810245313,584.0660833333338,513.7426347041849,78.89822777777783,10.0,10.0
1099,540.0795810245313,584.0660833333338,513.7426347041849,78.89822777777783,10.0,10.0
1100,540.0795810245313,584.0660833333338,513.7426347041849,78.89822777777783,10.0,10.0
1101,540.0795810245313,584.0660833333338,513.7426347041849,78.89822777777783,10.0,10.0
1102,515.27241976912,515.167855555556,513.7426347041849,78.89822777777783,10.0,-14.807161255411302
1103,540.0795810245313,584.0660833333338,513.7426347041849,78.89822777777783,10.0,-14.807161255411302
1104,515.27241976912,515.167855555556,513.7426347041849,78.89822777777783,10.0,-14.807161255411302
1105,515.27241976912,515.167855555556,513.7426347041849,10.0,10.0,-14.807161255411302
1106,515.27241976912,515.167855555556,513.7426347041849,10.0,10.0,-14.807161255411302
1107,515.27241976912,515.167855555556,513.7426347041849,10.0,10.0,-14.807161255411302
1108,515.27241976912,515.167855555556,513.7426347041849,10.0,10.0,-14.807161255411302
1109,540.0795810245313,584.0660833333338,513.7426347041849,78.89822777777783,10.0,-14.807161255411302
1110,540.0795810245313,584.0660833333338,513.7426347041849,78.89822777777783,10.0,10.0
1111,540.0795810245313,584.0660833333338,513.7426347041849,78.89822777777783,10.0,10.0
1112,540.0795810245313,584.0660833333338,513.7426347041849,78.89822777777783,10.0,10.0
1113,540.0795810245313,584.0660833333338,513.7426347041849,78.89822777777783,10.0,10.0
1114,540.0795810245313,584.0660833333338,513.7426347041849,78.89822777777783,10.0,10.0
1115,540.0795810245313,584.0660833333338,513.7426347041849,78.89822777777783,10.0,10.0
1116,515.27241976912,515.167855555556,513.7426347041849,78.89822777777783,10.0,-14.807161255411302
1117,515.27241976912,515.167855555556,513.7426347041849,10.0,10.0,-14.807161255411302
1118,515.27241976912,515.167855555556,513.7426347041849,10.0,10.0,-14.807161255411302
1119,515.27241976912,515.167855555556,513.7426347041849,10.0,10.0,-14.807161255411302
1120,515.27241976912,515.167855555556,513.7426347041849,10.0,10.0,-14.807161255411302
1121,515.27241976912,515.167855555556,513.7426347041849,10.0,10.0,-14.807161255411302
1122,515.27241976912,515.167855555556,513.7426347041849,10.0,10.0,-14.807161255411302
1123,515.27241976912,515.167855555556,513.7426347041849,10.0,10.0,-14.807161255411302
1124,515.27241976912,515.167855555556,513.7426347041849,10.0,10.0,-14.807161255411302
1125,540.0795810245313,584.0660833333338,513.7426347041849,78.89822777777783,10.0,-14.807161255411302
1126,540.0795810245313,584.0660833333338,513.7426347041849,78.89822777777783,10.0,10.0
1127,540.0795810245313,584.0660833333338,513.7426347041849,78.89822777777783,10.0,10.0
1128,540.0795810245313,584.0660833333338,513.7426347041849,78.89822777777783,10.0,10.0
1129,515.27241976912,515.167855555556,513.7426347041849,78.89822777777783,10.0,-14.807161255411302
1130,515.27241976912,515.167855555556,513.7426347041849,10.0,10.0,-14.807161255411302
1131,515.27241976912,515.167855555556,513.7426347041849,10.0,10.0,-14.807161255411302
1132,515.27241976912,515.167855555556,513.7426347041849,10.0,10.0,-14.807161255411302
1133,515.27241976912,515.167855555556,513.7426347041849,10.0,10.0,-14.807161255411302
1134,515.27241976912,515.167855555556,513.7426347041849,10.0,10.0,-14.807161255411302
1135,515.27241976912,515.167855555556,513.7426347041849,10.0,10.0,-14.807161255411302
1136,540.0795810245313,584.0660833333338,513.7426347041849,78.89822777777783,10.0,-14.807161255411302
1137,540.0795810245313,584.0660833333338,513.7426347041849,78.89822777777783,10.0,10.0
1138,540.0795810245313,584.0660833333338,513.7426347041849,78.89822777777783,10.0,10.0
1139,540.0795810245313,584.0660833333338,513.7426347041849,78.89822777777783,10.0,10.0
1140,540.0795810245313,584.0660833333338,513.7426347041849,78.89822777777783,10.0,10.0
1141,540.0795810245313,584.0660833333338,513.7426347041849,78.89822777777783,10.0,10.0
1142,540.0795810245313,584.0660833333338,513.7426347041849,78.89822777777783,10.0,10.0
1143,540.0795810245313,584.0660833333338,513.7426347041849,78.89822777777783,10.0,10.0
1144,540.0795810245313,584.0660833333338,513.7426347041849,78.89822777777783,10.0,10.0
1145,540.0795810245313,584.0660833333338,513.7426347041849,78.89822777777783,10.0,10.0
1146,540.0795810245313,584.0660833333338,513.7426347041849,78.89822777777783,10.0,10.0
1147,540.0795810245313,584.0660833333338,513.7426347041849,78.89822777777783,10.0,10.0
1148,540.0795810245313,584.0660833333338,513.7426347041849,78.89822777777783,10.0,10.0
1149,540.0795810245313,584.0660833333338,513.7426347041849,78.89822777777783,10.0,10.0
1150,515.27241976912,515.167855555556,513.7426347041849,78.89822777777783,10.0,-14.807161255411302
1151,515.27241976912,515.167855555556,513.7426347041849,10.0,10.0,-14.807161255411302
1152,515.27241976912,515.167855555556,513.7426347041849,10.0,10.0,-14.807161255411302
1153,515.27241976912,515.167855555556,513.7426347041849,10.0,10.0,-14.807161255411302
1154,515.27241976912,515.167855555556,513.7426347041849,10.0,10.0,-14.807161255411302
1155,515.27241976912,515.167855555556,513.7426347041849,10.0,10.0,-14.807161255411302
1156,515.27241976912,515.167855555556,513.7426347041849,10.0,10.0,-14.807161255411302
1157,515.27241976912,515.167855555556,513.7426347041849,10.0,10.0,-14.807161255411302
1158,515.27241976912,515.167855555556,513.7426347041849,10.0,10.0,-14.807161255411302
1159,515.27241976912,515.167855555556,513.7426347041849,10.0,10.0,-14.807161255411302
1160,540.0795810245313,584.0660833333338,513.7426347041849,78.89822777777783,10.0,-14.807161255411302
1161,540.0795810245313,584.0660833333338,513.7426347041849,78.89822777777783,10.0,10.0
1162,540.0795810245313,584.0660833333338,513.7426347041849,78.89822777777783,10.0,10.0
1163,540.0795810245313,584.0660833333338,513.7426347041849,78.89822777777783,10.0,10.0
1164,540.0795810245313,584.0660833333338,513.7426347041849,78.89822777777783,10.0,10.0
1165,540.0795810245313,584.0660833333338,513.7426347041849,78.89822777777783,10.0,10.0
1166,540.0795810245313,584.0660833333338,513.7426347041849,78.89822777777783,10.0,10.0
1167,540.0795810245313,584.0660833333338,513.7426347041849,78.89822777777783,10.0,10.0
1168,540.0795810245313,584.0660833333338,513.7426347041849,78.89822777777783,10.0,10.0
1169,540.0795810245313,584.0660833333338,513.7426347041849,78.89822777777783,10.0,10.0
1170,515.27241976912,515.167855555556,513.7426347041849,78.89822777777783,10.0,-14.807161255411302
1171,515.27241976912,515.167855555556,513.7426347041849,10.0,10.0,-14.807161255411302
1172,515.27241976912,515.167855555556,513.7426347041849,10.0,10.0,-14.807161255411302
1173,515.27241976912,515.167855555556,513.7426347041849,10.0,10.0,-14.807161255411302
1174,515.27241976912,515.167855555556,513.7426347041849,10.0,10.0,-14.807161255411302
1175,515.27241976912,515.167855555556,513.7426347041849,10.0,10.0,-14.807161255411302
1176,515.27241976912,515.167855555556,513.7426347041849,10.0,10.0,-14.807161255411302
1177,515.27241976912,515.167855555556,513.7426347041849,10.0,10.0,-14.807161255411302
1178,515.27241976912,515.167855555556,513.7426347041849,10.0,10.0,-14.807161255411302
1179,515.27241976912,515.167855555556,513.7426347041849,10.0,10.0,-14.807161255411302
1180,515.27241976912,515.167855555556,513.7426347041849,10.0,10.0,-14.807161255411302
1181,515.27241976912,515.167855555556,513.7426347041849,10.0,10.0,-14.807161255411302
1182,540.0795810245313,584.0660833333338,513.7426347041849,78.89822777777783,10.0,-14.807161255411302
1183,540.0795810245313,584.0660833333338,513.7426347041849,78.89822777777783,10.0,10.0
1184,540.0795810245313,584.0660833333338,513.7426347041849,78.89822777777783,10.0,10.0
1185,540.0795810245313,584.0660833333338,513.7426347041849,78.89822777777783,10.0,10.0
1186,540.0795810245313,584.0660833333338,513.7426347041849,78.89822777777783,10.0,10.0
1187,540.0795810245313,584.0660833333338,513.7426347041849,78.89822777777783,10.0,10.0
1188,515.27241976912,515.167855555556,513.7426347041849,78.89822777777783,10.0,-14.807161255411302
1189,515.27241976912,515.167855555556,513.7426347041849,10.0,10.0,-14.807161255411302
1190,515.27241976912,515.167855555556,513.7426347041849,10.0,10.0,-14.807161255411302
1191,515.27241976912,515.167855555556,513.7426347041849,10.0,10.0,-14.807161255411302
1192,515.27241976912,515.167855555556,513.7426347041849,10.0,10.0,-14.807161255411302
1193,515.27241976912,515.167855555556,513.7426347041849,10.0,10.0,-14.807161255411302
1194,540.0795810245313,584.0660833333338,513.7426347041849,78.89822777777783,10.0,-14.807161255411302
1195,540.0795810245313,584.0660833333338,513.7426347041849,78.89822777777783,10.0,10.0
1196,540.0795810245313,584.0660833333338,513.7426347041849,78.89822777777783,10.0,10.0
1197,540.0795810245313,584.0660833333338,513.7426347041849,78.89822777777783,10.0,10.0
1198,540.0795810245313,584.0660833333338,513.7426347041849,78.89822777777783,10.0,10.0
1199,540.0795810245313,584.0660833333338,513.7426347041849,78.89822777777783,10.0,10.0
1200,540.0795810245313,584.0660833333338,513.7426347041849,78.89822777777783,10.0,10.0
1201,540.0795810245313,584.0660833333338,513.7426347041849,78.89822777777783,10.0,10.0
1202,540.0795810245313,584.0660833333338,513.7426347041849,78.89822777777783,10.0,10.0
1203,515.27241976912,515.167855555556,513.7426347041849,78.89822777777783,10.0,-14.807161255411302
1204,515.27241976912,515.167855555556,513.7426347041849,10.0,10.0,-14.807161255411302
1205,515.27241976912,515.167855555556,513.7426347041849,10.0,10.0,-14.807161255411302
1206,515.27241976912,515.167855555556,513.7426347041849,10.0,10.0,-14.807161255411302
1207,515.27241976912,515.167855555556,513.7426347041849,10.0,10.0,-14.807161255411302
1208,515.27241976912,515.167855555556,513.7426347041849,10.0,10.0,-14.807161255411302
1209,515.27241976912,515.167855555556,513.7426347041849,10.0,10.0,-14.807161255411302
1210,515.27241976912,515.167855555556,513.7426347041849,10.0,10.0,-14.807161255411302
1211,540.0795810245313,584.0660833333338,513.7426347041849,78.89822777777783,10.0,-14.807161255411302
1212,540.0795810245313,584.0660833333338,513.7426347041849,78.89822777777783,10.0,10.0
1213,540.0795810245313,584.0660833333338,513.7426347041849,78.89822777777783,10.0,10.0
1214,540.0795810245313,584.0660833333338,513.7426347041849,78.89822777777783,10.0,10.0
1215,540.0795810245313,584.0660833333338,513.7426347041849,78.89822777777783,10.0,10.0
1216,540.0795810245313,584.0660833333338,513.7426347041849,78.89822777777783,10.0,10.0
1217,540.0795810245313,584.0660833333338,513.7426347041849,78.89822777777783,10.0,10.0
1218,515.27241976912,515.167855555556,513.7426347041849,78.89822777777783,10.0,-14.807161255411302
1219,515.27241976912,515.167855555556,513.7426347041849,10.0,10.0,-14.807161255411302
1220,515.27241976912,515.167855555556,513.7426347041849,10.0,10.0,-14.807161255411302
1221,515.27241976912,515.167855555556,513.7426347041849,10.0,10.0,-14.807161255411302
1222,515.27241976912,515.167855555556,513.7426347041849,10.0,10.0,-14.807161255411302
1223,515.27241976912,515.167855555556,513.7426347041849,10.0,10.0,-14.807161255411302
1224,515.27241976912,515.167855555556,513.7426347041849,10.0,10.0,-14.807161255411302
1225,515.27241976912,515.167855555556,513.7426347041849,10.0,10.0,-14.807161255411302
1226,540.0795810245313,584.0660833333338,513.7426347041849,78.89822777777783,10.0,-14.807161255411302
1227,540.0795810245313,584.0660833333338,513.7426347041849,78.89822777777783,10.0,10.0
1228,540.0795810245313,584.0660833333338,513.7426347041849,78.89822777777783,10.0,10.0
1229,540.0795810245313,584.0660833333338,513.7426347041849,78.89822777777783,10.0,10.0
1230,540.0795810245313,584.0660833333338,513.7426347041849,78.89822777777783,10.0,10.0
1231,540.0795810245313,584.0660833333338,513.7426347041849,78.89822777777783,10.0,10.0
1232,540.0795810245313,584.0660833333338,513.7426347041849,78.89822777777783,10.0,10.0
1233,540.0795810245313,584.0660833333338,513.7426347041849,78.89822777777783,10.0,10.0
1234,540.0795810245313,584.0660833333338,513.7426347041849,78.89822777777783,10.0,10.0
1235,540.0795810245313,584.0660833333338,513.7426347041849,78.89822777777783,10.0,10.0
1236,540.0795810245313,584.0660833333338,513.7426347041849,78.89822777777783,10.0,10.0
1237,540.0795810245313,584.0660833333338,513.7426347041849,78.89822777777783,10.0,10.0
1238,515.27241976912,515.167855555556,513.7426347041849,78.89822777777783,10.0,-14.807161255411302
1239,515.27241976912,515.167855555556,513.7426347041849,10.0,10.0,-14.807161255411302
1240,515.27241976912,515.167855555556,513.7426347041849,10.0,10.0,-14.807161255411302
1241,515.27241976912,515.167855555556,513.7426347041849,10.0,10.0,-14.807161255411302
1242,515.27241976912,515.167855555556,513.7426347041849,10.0,10.0,-14.807161255411302
1243,515.27241976912,515.167855555556,513.7426347041849,10.0,10.0,-14.807161255411302
1244,515.27241976912,515.167855555556,513.7426347041849,10.0,10.0,-14.807161255411302
1245,515.27241976912,515.167855555556,513.7426347041849,10.0,10.0,-14.807161255411302
1246,515.27241976912,515.167855555556,513.7426347041849,10.0,10.0,-14.807161255411302
1247,515.27241976912,515.167855555556,513.7426347041849,10.0,10.0,-14.807161255411302
1248,515.27241976912,515.167855555556,513.7426347041849,10.0,10.0,-14.807161255411302
1249,540.0795810245313,584.0660833333338,513.7426347041849,78.89822777777783,10.0,-14.807161255411302
1250,540.0795810245313,584.0660833333338,513.7426347041849,78.89822777777783,10.0,10.0
1251,540.0795810245313,584.0660833333338,513.7426347041849,78.89822777777783,10.0,10.0
1252,540.0795810245313,584.0660833333338,513.7426347041849,78.89822777777783,10.0,10.0
1253,540.0795810245313,584.0660833333338,513.7426347041849,78.89822777777783,10.0,10.0
1254,540.0795810245313,584.0660833333338,513.7426347041849,78.89822777777783,10.0,10.0
1255,540.0795810245313,584.0660833333338,513.7426347041849,78.89822777777783,10.0,10.0
1256,540.0795810245313,584.0660833333338,513.7426347041849,78.89822777777783,10.0,10.0
1257,540.0795810245313,584.0660833333338,513.7426347041849,78.89822777777783,10.0,10.0
1258,540.0795810245313,584.0660833333338,513.7426347041849,78.89822777777783,10.0,10.0
1259,540.0795810245313,584.0660833333338,513.7426347041849,78.89822777777783,10.0,10.0
1260,515.27241976912,515.167855555556,513.7426347041849,78.89822777777783,10.0,-14.807161255411302
1261,515.27241976912,515.167855555556,513.7426347041849,10.0,10.0,-14.807161255411302
1262,515.27241976912,515.167855555556,513.7426347041849,10.0,10.0,-14.807161255411302
1263,515.27241976912,515.167855555556,513.7426347041849,10.0,10.0,-14.807161255411302
1264,540.0795810245313,584.0660833333338,513.7426347041849,78.89822777777783,10.0,-14.807161255411302
1265,540.0795810245313,584.0660833333338,513.7426347041849,78.89822777777783,10.0,10.0
1266,540.0795810245313,584.0660833333338,513.7426347041849,78.89822777777783,10.0,10.0
1267,540.0795810245313,584.0660833333338,513.7426347041849,78.89822777777783,10.0,10.0
1268,540.0795810245313,584.0660833333338,513.7426347041849,78.89822777777783,10.0,10.0
1269,540.0795810245313,584.0660833333338,513.7426347041849,78.89822777777783,10.0,10.0
1270,540.0795810245313,584.0660833333338,513.7426347041849,78.89822777777783,10.0,10.0
1271,540.0795810245313,584.0660833333338,513.7426347041849,78.89822777777783,10.0,10.0
1272,540.0795810245313,584.0660833333338,513.7426347041849,78.89822777777783,10.0,10.0
1273,515.27241976912,515.167855555556,513.7426347041849,78.89822777777783,10.0,-14.807161255411302
1274,515.27241976912,515.167855555556,513.7426347041849,10.0,10.0,-14.807161255411302
1275,515.27241976912,515.167855555556,513.7426347041849,10.0,10.0,-14.807161255411302
1276,515.27241976912,515.167855555556,513.7426347041849,10.0,10.0,-14.807161255411302
1277,540.0795810245313,584.0660833333338,513.7426347041849,78.89822777777783,10.0,-14.807161255411302
1278,540.0795810245313,584.0660833333338,513.7426347041849,78.89822777777783,10.0,10.0
1279,515.27241976912,515.167855555556,513.7426347041849,78.89822777777783,10.0,-14.807161255411302
1280,515.27241976912,515.167855555556,513.7426347041849,10.0,10.0,-14.807161255411302
1281,515.27241976912,515.167855555556,513.7426347041849,10.0,10.0,-14.807161255411302
1282,515.27241976912,515.167855555556,513.7426347041849,10.0,10.0,-14.807161255411302
1283,515.27241976912,515.167855555556,513.7426347041849,10.0,10.0,-14.807161255411302
1284,515.27241976912,515.167855555556,513.7426347041849,10.0,10.0,-14.807161255411302
1285,540.0795810245313,584.0660833333338,513.7426347041849,78.89822777777783,10.0,-14.807161255411302
1286,540.0795810245313,584.0660833333338,513.7426347041849,78.89822777777783,10.0,10.0
1287,540.0795810245313,584.0660833333338,513.7426347041849,78.89822777777783,10.0,10.0
1288,540.0795810245313,584.0660833333338,513.7426347041849,78.89822777777783,10.0,10.0
1289,515.27241976912,515.167855555556,513.7426347041849,78.89822777777783,10.0,-14.807161255411302
1290,515.27241976912,515.167855555556,513.7426347041849,10.0,10.0,-14.807161255411302
1291,515.27241976912,515.167855555556,513.7426347041849,10.0,10.0,-14.807161255411302
1292,515.27241976912,515.167855555556,513.7426347041849,10.0,10.0,-14.807161255411302
1293,515.27241976912,515.167855555556,513.7426347041849,10.0,10.0,-14.807161255411302
1294,515.27241976912,515.167855555556,513.7426347041849,10.0,10.0,-14.807161255411302
1295,515.27241976912,515.167855555556,513.7426347041849,10.0,10.0,-14.807161255411302
1296,515.27241976912,515.167855555556,513.7426347041849,10.0,10.0,-14.807161255411302
1297,515.27241976912,515.167855555556,513.7426347041849,10.0,10.0,-14.807161255411302
1298,515.27241976912,515.167855555556,513.7426347041849,10.0,10.0,-14.807161255411302
1299,515.27241976912,515.167855555556,513.7426347041849,10.0,10.0,-14.807161255411302
1300,515.27241976912,515.167855555556,513.7426347041849,10.0,10.0,-14.807161255411302
1301,515.27241976912,515.167855555556,513.7426347041849,10.0,10.0,-14.807161255411302
1302,540.0795810245313,584.0660833333338,513.7426347041849,78.89822777777783,10.0,-14.807161255411302
1303,540.0795810245313,584.0660833333338,513.7426347041849,78.89822777777783,10.0,10.0
1304,540.0795810245313,584.0660833333338,513.7426347041849,78.89822777777783,10.0,10.0
1305,540.0795810245313,584.0660833333338,513.7426347041849,78.89822777777783,10.0,10.0
1306,540.0795810245313,584.0660833333338,513.7426347041849,78.89822777777783,10.0,10.0
1307,540.0795810245313,584.0660833333338,513.7426347041849,78.89822777777783,10.0,10.0
1308,540.0795810245313,584.0660833333338,513.7426347041849,78.89822777777783,10.0,10.0
1309,540.0795810245313,584.0660833333338,513.7426347041849,78.89822777777783,10.0,10.0
1310,515.27241976912,515.167855555556,513.7426347041849,78.89822777777783,10.0,-14.807161255411302
1311,515.27241976912,515.167855555556,513.7426347041849,10.0,10.0,-14.807161255411302
1312,515.27241976912,515.167855555556,513.7426347041849,10.0,10.0,-14.807161255411302
1313,515.27241976912,515.167855555556,513.7426347041849,10.0,10.0,-14.807161255411302
1314,515.27241976912,515.167855555556,513.7426347041849,10.0,10.0,-14.807161255411302
1315,515.27241976912,515.167855555556,513.7426347041849,10.0,10.0,-14.807161255411302
1316,515.27241976912,515.167855555556,513.7426347041849,10.0,10.0,-14.807161255411302
1317,515.27241976912,515.167855555556,513.7426347041849,10.0,10.0,-14.807161255411302
1318,540.0795810245313,584.0660833333338,513.7426347041849,78.89822777777783,10.0,-14.807161255411302
1319,540.0795810245313,584.0660833333338,513.7426347041849,78.89822777777783,10.0,10.0
1320,540.0795810245313,584.0660833333338,513.7426347041849,78.89822777777783,10.0,10.0
1321,540.0795810245313,584.0660833333338,513.7426347041849,78.89822777777783,10.0,10.0
1322,540.0795810245313,584.0660833333338,513.7426347041849,78.89822777777783,10.0,10.0
1323,540.0795810245313,584.0660833333338,513.7426347041849,78.89822777777783,10.0,10.0
1324,540.0795810245313,584.0660833333338,513.7426347041849,78.89822777777783,10.0,10.0
1325,540.0795810245313,584.0660833333338,513.7426347041849,78.89822777777783,10.0,10.0
1326,540.0795810245313,584.0660833333338,513.7426347041849,78.89822777777783,10.0,10.0
1327,540.0795810245313,584.0660833333338,513.7426347041849,78.89822777777783,10.0,10.0
1328,540.0795810245313,584.0660833333338,513.7426347041849,78.89822777777783,10.0,10.0
1329,540.0795810245313,584.0660833333338,513.7426347041849,78.89822777777783,10.0,10.0
1330,540.0795810245313,584.0660833333338,513.7426347041849,78.89822777777783,10.0,10.0
1331,540.0795810245313,584.0660833333338,513.7426347041849,78.89822777777783,10.0,10.0
1332,515.27241976912,515.167855555556,513.7426347041849,78.89822777777783,10.0,-14.807161255411302
1333,515.27241976912,515.167855555556,513.7426347041849,10.0,10.0,-14.807161255411302
1334,515.27241976912,515.167855555556,513.7426347041849,10.0,10.0,-14.807161255411302
1335,515.27241976912,515.167855555556,513.7426347041849,10.0,10.0,-14.807161255411302
1336,515.27241976912,515.167855555556,513.7426347041849,10.0,10.0,-14.807161255411302
1337,515.27241976912,515.167855555556,513.7426347041849,10.0,10.0,-14.807161255411302
1338,515.27241976912,515.167855555556,513.7426347041849,10.0,10.0,-14.807161255411302
1339,540.0795810245313,584.0660833333338,513.7426347041849,78.89822777777783,10.0,-14.807161255411302
1340,540.0795810245313,584.0660833333338,513.7426347041849,78.89822777777783,10.0,10.0
1341,540.0795810245313,584.0660833333338,513.7426347041849,78.89822777777783,10.0,10.0
1342,540.0795810245313,584.0660833333338,513.7426347041849,78.89822777777783,10.0,10.0
1343,540.0795810245313,584.0660833333338,513.7426347041849,78.89822777777783,10.0,10.0
1344,540.0795810245313,584.0660833333338,513.7426347041849,78.89822777777783,10.0,10.0
1345,515.27241976912,515.167855555556,513.7426347041849,78.89822777777783,10.0,-14.807161255411302
1346,515.27241976912,515.167855555556,513.7426347041849,10.0,10.0,-14.807161255411302
1347,515.27241976912,515.167855555556,513.7426347041849,10.0,10.0,-14.807161255411302
1348,515.27241976912,515.167855555556,513.7426347041849,10.0,10.0,-14.807161255411302
1349,515.27241976912,515.167855555556,513.7426347041849,10.0,10.0,-14.807161255411302
1350,540.0795810245313,584.0660833333338,513.7426347041849,78.89822777777783,10.0,-14.807161255411302
1351,540.0795810245313,584.0660833333338,513.7426347041849,78.89822777777783,10.0,10.0
1352,540.0795810245313,584.0660833333338,513.7426347041849,78.89822777777783,10.0,10.0
1353,540.0795810245313,584.0660833333338,513.7426347041849,78.89822777777783,10.0,10.0
1354,540.0795810245313,584.0660833333338,513.7426347041849,78.89822777777783,10.0,10.0
1355,540.0795810245313,584.0660833333338,513.7426347041849,78.89822777777783,10.0,10.0
1356,515.27241976912,515.167855555556,513.7426347041849,78.89822777777783,10.0,-14.807161255411302
1357,515.27241976912,515.167855555556,513.7426347041849,10.0,10.0,-14.807161255411302
1358,515.27241976912,515.167855555556,513.7426347041849,10.0,10.0,-14.807161255411302
1359,515.27241976912,515.167855555556,513.7426347041849,10.0,10.0,-14.807161255411302
1360,515.27241976912,515.167855555556,513.7426347041849,10.0,10.0,-14.807161255411302
1361,515.27241976912,515.167855555556,513.7426347041849,10.0,10.0,-14.807161255411302
1362,515.27241976912,515.167855555556,513.7426347041849,10.0,10.0,-14.807161255411302
1363,515.27241976912,515.167855555556,513.7426347041849,10.0,10.0,-14.807161255411302
1364,515.27241976912,515.167855555556,513.7426347041849,10.0,10.0,-14.807161255411302
1365,515.27241976912,515.167855555556,513.7426347041849,10.0,10.0,-14.807161255411302
1366,515.27241976912,515.167855555556,513.7426347041849,10.0,10.0,-14.807161255411302
1367,515.27241976912,515.167855555556,513.7426347041849,10.0,10.0,-14.807161255411302
1368,515.27241976912,515.167855555556,513.7426347041849,10.0,10.0,-14.807161255411302
1369,515.27241976912,515.167855555556,513.7426347041849,10.0,10.0,-14.807161255411302
1370,540.0795810245313,584.0660833333338,513.7426347041849,78.89822777777783,10.0,-14.807161255411302
1371,540.0795810245313,584.0660833333338,513.7426347041849,78.89822777777783,10.0,10.0
1372,540.0795810245313,584.0660833333338,513.7426347041849,78.89822777777783,10.0,10.0
1373,540.0795810245313,584.0660833333338,513.7426347041849,78.89822777777783,10.0,10.0
1374,540.0795810245313,584.0660833333338,513.7426347041849,78.89822777777783,10.0,10.0
1375,515.27241976912,515.167855555556,513.7426347041849,78.89822777777783,10.0,-14.807161255411302
1376,515.27241976912,515.167855555556,513.7426347041849,10.0,10.0,-14.807161255411302
1377,515.27241976912,515.167855555556,513.7426347041849,10.0,10.0,-14.807161255411302
1378,515.27241976912,515.167855555556,513.7426347041849,10.0,10.0,-14.807161255411302
1379,515.27241976912,515.167855555556,513.7426347041849,10.0,10.0,-14.807161255411302
1380,515.27241976912,515.167855555556,513.7426347041849,10.0,10.0,-14.807161255411302
1381,515.27241976912,515.167855555556,513.7426347041849,10.0,10.0,-14.807161255411302
1382,515.27241976912,515.167855555556,513.7426347041849,10.0,10.0,-14.807161255411302
1383,515.27241976912,515.167855555556,513.7426347041849,10.0,10.0,-14.807161255411302
1384,540.0795810245313,584.0660833333338,513.7426347041849,78.89822777777783,10.0,-14.807161255411302
1385,540.0795810245313,584.0660833333338,513.7426347041849,78.89822777777783,10.0,10.0
1386,540.0795810245313,584.0660833333338,513.7426347041849,78.89822777777783,10.0,10.0
1387,540.0795810245313,584.0660833333338,513.7426347041849,78.89822777777783,10.0,10.0
1388,540.0795810245313,584.0660833333338,513.7426347041849,78.89822777777783,10.0,10.0
1389,540.0795810245313,584.0660833333338,513.7426347041849,78.89822777777783,10.0,10.0
1390,540.0795810245313,584.0660833333338,513.7426347041849,78.89822777777783,10.0,10.0
1391,540.0795810245313,584.0660833333338,513.7426347041849,78.89822777777783,10.0,10.0
1392,540.0795810245313,584.0660833333338,513.7426347041849,78.89822777777783,10.0,10.0
1393,540.0795810245313,584.0660833333338,513.7426347041849,78.89822777777783,10.0,10.0
1394,515.27241976912,515.167855555556,513.7426347041849,78.89822777777783,10.0,-14.807161255411302
1395,515.27241976912,515.167855555556,513.7426347041849,10.0,10.0,-14.807161255411302
1396,515.27241976912,515.167855555556,513.7426347041849,10.0,10.0,-14.807161255411302
1397,515.27241976912,515.167855555556,513.7426347041849,10.0,10.0,-14.807161255411302
1398,515.27241976912,515.167855555556,513.7426347041849,10.0,10.0,-14.807161255411302
1399,515.27241976912,515.167855555556,513.7426347041849,10.0,10.0,-14.807161255411302
1400,515.27241976912,515.167855555556,513.7426347041849,10.0,10.0,-14.807161255411302
1401,515.27241976912,515.167855555556,513.7426347041849,10.0,10.0,-14.807161255411302
1402,515.27241976912,515.167855555556,513.7426347041849,10.0,10.0,-14.807161255411302
1403,515.27241976912,515.167855555556,513.7426347041849,10.0,10.0,-14.807161255411302
1404,515.27241976912,515.167855555556,513.7426347041849,10.0,10.0,-14.807161255411302
1405,515.27241976912,515.167855555556,513.7426347041849,10.0,10.0,-14.807161255411302
1406,540.0795810245313,584.0660833333338,513.7426347041849,78.89822777777783,10.0,-14.807161255411302
1407,540.0795810245313,584.0660833333338,513.7426347041849,78.89822777777783,10.0,10.0
1408,540.0795810245313,584.0660833333338,513.7426347041849,78.89822777777783,10.0,10.0
1409,540.0795810245313,584.0660833333338,513.7426347041849,78.89822777777783,10.0,10.0
1410,540.0795810245313,584.0660833333338,513.7426347041849,78.89822777777783,10.0,10.0
1411,540.0795810245313,584.0660833333338,513.7426347041849,78.89822777777783,10.0,10.0
1412,540.0795810245313,584.0660833333338,513.7426347041849,78.89822777777783,10.0,10.0
1413,540.0795810245313,584.0660833333338,513.7426347041849,78.89822777777783,10.0,10.0
1414,540.0795810245313,584.0660833333338,513.7426347041849,78.89822777777783,10.0,10.0
1415,540.0795810245313,584.0660833333338,513.7426347041849,78.89822777777783,10.0,10.0
1416,515.27241976912,515.167855555556,513.7426347041849,78.89822777777783,10.0,-14.807161255411302
1417,515.27241976912,515.167855555556,513.7426347041849,10.0,10.0,-14.807161255411302
1418,540.0795810245313,584.0660833333338,513.7426347041849,78.89822777777783,10.0,-14.807161255411302
1419,540.0795810245313,584.0660833333338,513.7426347041849,78.89822777777783,10.0,10.0
1420,515.27241976912,515.167855555556,513.7426347041849,78.89822777777783,10.0,-14.807161255411302
1421,515.27241976912,515.167855555556,513.7426347041849,10.0,10.0,-14.807161255411302
1422,515.27241976912,515.167855555556,513.7426347041849,10.0,10.0,-14.807161255411302
1423,515.27241976912,515.167855555556,513.7426347041849,10.0,10.0,-14.807161255411302
1424,515.27241976912,515.167855555556,513.7426347041849,10.0,10.0,-14.807161255411302
1425,515.27241976912,515.167855555556,513.7426347041849,10.0,10.0,-14.807161255411302
1426,515.27241976912,515.167855555556,513.7426347041849,10.0,10.0,-14.807161255411302
1427,515.27241976912,515.167855555556,513.7426347041849,10.0,10.0,-14.807161255411302
1428,515.27241976912,515.167855555556,513.7426347041849,10.0,10.0,-14.807161255411302
1429,515.27241976912,515.167855555556,513.7426347041849,10.0,10.0,-14.807161255411302
1430,515.27241976912,515.167855555556,513.7426347041849,10.0,10.0,-14.807161255411302
1431,515.27241976912,515.167855555556,513.7426347041849,10.0,10.0,-14.807161255411302
1432,540.0795810245313,584.0660833333338,513.7426347041849,78.89822777777783,10.0,-14.807161255411302
1433,540.0795810245313,584.0660833333338,513.7426347041849,78.89822777777783,10.0,10.0
1434,540.0795810245313,584.0660833333338,513.7426347041849,78.89822777777783,10.0,10.0
1435,540.0795810245313,584.0660833333338,513.7426347041849,78.89822777777783,10.0,10.0
1436,540.0795810245313,584.0660833333338,513.7426347041849,78.89822777777783,10.0,10.0
1437,515.27241976912,515.167855555556,513.7426347041849,78.89822777777783,10.0,-14.807161255411302
1438,515.27241976912,515.167855555556,513.7426347041849,10.0,10.0,-14.807161255411302
1439,515.27241976912,515.167855555556,513.7426347041849,10.0,10.0,-14.807161255411302
1440,515.27241976912,515.167855555556,513.7426347041849,10.0,10.0,-14.807161255411302
1441,515.27241976912,515.167855555556,513.7426347041849,10.0,10.0,-14.807161255411302
1442,540.0795810245313,584.0660833333338,513.7426347041849,78.89822777777783,10.0,-14.807161255411302
1443,540.0795810245313,584.0660833333338,513.7426347041849,78.89822777777783,10.0,10.0
1444,540.0795810245313,584.0660833333338,513.7426347041849,78.89822777777783,10.0,10.0
1445,540.0795810245313,584.0660833333338,513.7426347041849,78.89822777777783,10.0,10.0
1446,540.0795810245313,584.0660833333338,513.7426347041849,78.89822777777783,10.0,10.0
1447,540.0795810245313,584.0660833333338,513.7426347041849,78.89822777777783,10.0,10.0
1448,540.0795810245313,584.0660833333338,513.7426347041849,78.89822777777783,10.0,10.0
1449,540.0795810245313,584.0660833333338,513.7426347041849,78.89822777777783,10.0,10.0
1450,540.0795810245313,584.0660833333338,513.7426347041849,78.89822777777783,10.0,10.0
1451,540.0795810245313,584.0660833333338,513.7426347041849,78.89822777777783,10.0,10.0
1452,515.27241976912,515.167855555556,513.7426347041849,78.89822777777783,10.0,-14.807161255411302
1453,515.27241976912,515.167855555556,513.7426347041849,10.0,10.0,-14.807161255411302
1454,515.27241976912,515.167855555556,513.7426347041849,10.0,10.0,-14.807161255411302
1455,515.27241976912,515.167855555556,513.7426347041849,10.0,10.0,-14.807161255411302
1456,515.27241976912,515.167855555556,513.7426347041849,10.0,10.0,-14.807161255411302
1457,515.27241976912,515.167855555556,513.7426347041849,10.0,10.0,-14.807161255411302
1458,540.0795810245313,584.0660833333338,513.7426347041849,78.89822777777783,10.0,-14.807161255411302
1459,540.0795810245313,584.0660833333338,513.7426347041849,78.89822777777783,10.0,10.0
1460,540.0795810245313,584.0660833333338,513.7426347041849,78.89822777777783,10.0,10.0
1461,540.0795810245313,584.0660833333338,513.7426347041849,78.89822777777783,10.0,10.0
1462,540.0795810245313,584.0660833333338,513.7426347041849,78.89822777777783,10.0,10.0
1463,540.0795810245313,584.0660833333338,513.7426347041849,78.89822777777783,10.0,10.0
1464,515.27241976912,515.167855555556,513.7426347041849,78.89822777777783,10.0,-14.807161255411302
1465,515.27241976912,515.167855555556,513.7426347041849,10.0,10.0,-14.807161255411302
1466,515.27241976912,515.167855555556,513.7426347041849,10.0,10.0,-14.807161255411302
1467,515.27241976912,515.167855555556,513.7426347041849,10.0,10.0,-14.807161255411302
1468,515.27241976912,515.167855555556,513.7426347041849,10.0,10.0,-14.807161255411302
1469,515.27241976912,515.167855555556,513.7426347041849,10.0,10.0,-14.807161255411302
1470,540.0795810245313,584.0660833333338,513.7426347041849,78.89822777777783,10.0,-14.807161255411302
1471,540.0795810245313,584.0660833333338,513.7426347041849,78.89822777777783,10.0,10.0
1472,540.0795810245313,584.0660833333338,513.7426347041849,78.89822777777783,10.0,10.0
1473,540.0795810245313,584.0660833333338,513.7426347041849,78.89822777777783,10.0,10.0
1474,540.0795810245313,584.0660833333338,513.7426347041849,78.89822777777783,10.0,10.0
1475,540.0795810245313,584.0660833333338,513.7426347041849,78.89822777777783,10.0,10.0
1476,540.0795810245313,584.0660833333338,513.7426347041849,78.89822777777783,10.0,10.0
1477,540.0795810245313,584.0660833333338,513.7426347041849,78.89822777777783,10.0,10.0
1478,540.0795810245313,584.0660833333338,513.7426347041849,78.89822777777783,10.0,10.0
1479,540.0795810245313,584.0660833333338,513.7426347041849,78.89822777777783,10.0,10.0
1480,540.0795810245313,584.0660833333338,513.7426347041849,78.89822777777783,10.0,10.0
1481,540.0795810245313,584.0660833333338,513.7426347041849,78.89822777777783,10.0,10.0
1482,515.27241976912,515.167855555556,513.7426347041849,78.89822777777783,10.0,-14.807161255411302
1483,515.27241976912,515.167855555556,513.7426347041849,10.0,10.0,-14.807161255411302
1484,515.27241976912,515.167855555556,513.7426347041849,10.0,10.0,-14.807161255411302
1485,515.27241976912,515.167855555556,513.7426347041849,10.0,10.0,-14.807161255411302
1486,515.27241976912,515.167855555556,513.7426347041849,10.0,10.0,-14.807161255411302
1487,515.27241976912,515.167855555556,513.7426347041849,10.0,10.0,-14.807161255411302
1488,515.27241976912,515.167855555556,513.7426347041849,10.0,10.0,-14.807161255411302
1489,515.27241976912,515.167855555556,513.7426347041849,10.0,10.0,-14.807161255411302
1490,540.0795810245313,584.0660833333338,513.7426347041849,78.89822777777783,10.0,-14.807161255411302
1491,540.0795810245313,584.0660833333338,513.7426347041849,78.89822777777783,10.0,10.0
1492,540.0795810245313,584.0660833333338,513.7426347041849,78.89822777777783,10.0,10.0
1493,540.0795810245313,584.0660833333338,513.7426347041849,78.89822777777783,10.0,10.0
1494,540.0795810245313,584.0660833333338,513.7426347041849,78.89822777777783,10.0,10.0
1495,540.0795810245313,584.0660833333338,513.7426347041849,78.89822777777783,10.0,10.0
1496,540.0795810245313,584.0660833333338,513.7426347041849,78.89822777777783,10.0,10.0
1497,515.27241976912,515.167855555556,513.7426347041849,78.89822777777783,10.0,-14.807161255411302
1498,515.27241976912,515.167855555556,513.7426347041849,10.0,10.0,-14.807161255411302
1499,515.27241976912,515.167855555556,513.7426347041849,10.0,10.0,-14.807161255411302
1500,515.27241976912,515.167855555556,513.7426347041849,10.0,10.0,-14.807161255411302
1501,515.27241976912,515.167855555556,513.7426347041849,10.0,10.0,-14.807161255411302
1502,515.27241976912,515.167855555556,513.7426347041849,10.0,10.0,-14.807161255411302
1503,540.0795810245313,584.0660833333338,513.7426347041849,78.89822777777783,10.0,-14.807161255411302
1504,540.0795810245313,584.0660833333338,513.7426347041849,78.89822777777783,10.0,10.0
1505,540.0795810245313,584.0660833333338,513.7426347041849,78.89822777777783,10.0,10.0
